,order_in_document,latitude_longitude,DLS_code,page_number,species,status
0,1,"50.926117339479816 N, 105.93212386222845 W",NE-3-23-29-W2M,2,,
1,2,"52.60739947550666 N, 111.28101258249816 W",SW-19-42-9-W4M,4,,
2,3,"52.53744656023438 N, 111.11240700782334 W",SW-26-41-8-W4M,4,,
3,4,"52.19974283133372 N, 109.84311106428004 W",SW-30-37-28-W3M,4,,
4,5,"52.13943859403004 N, 109.70820683637601 W",SE-5-37-27-W3M,4,,
5,6,"52.081546526218496 N, 109.70339516588734 W",SE-17-36-27-W3M,4,,
6,7,"51.922343339736756 N, 109.1270293134454 W",SE-23-34-23-W3M,4,,
7,8,"51.702835915951326 N, 108.43458798914419 W",SE-4-32-18-W3M,4,,
8,9,"51.55328140743818 N, 108.06578956658973 W",SW-14-30-15-W3M,4,,
9,10,"51.608761305757575 N, 107.96344094745977 W",SE-1-31-15-W3M,4,,
10,11,"51.46161896673657 N, 119.60680972509354 W",NW-9-29-98-W3M,5,,
11,12,"51.20110466158464 N, 106.57167823267999 W",SW-12-26-5-W3M,5,,
12,13,"50.926117339479816 N, 105.93212386222845 W",NE-3-23-29-W2M,5,,
13,14,"50.59323794956346 N, 105.15190008816991 W",SE-12-19-24-W2M,5,,
14,15,"50.58117710210272 N, 105.13969646833309 W",SW-7-19-23-W2M,5,,
15,16,"50.376142695270175 N, 104.46797884390264 W",SW-30-16-19-W2M,5,,
16,17,"50.3013654410136 N, 103.79567518542882 W",SE-35-15-14-W2M,5,,
17,18,"50.28689242406072 N, 103.86308344087446 W",NE-26-15-14-W2M,5,,
18,19,"50.178344796914075 N, 103.24864795304586 W",NE-17-14-10-W2M,5,,
19,20,"50.17593262742193 N, 103.28248314406972 W",NW-16-14-10-W2M,5,,
20,21,"50.16869611894549 N, 103.28228893672198 W",SW-16-14-10-W2M,5,,
21,22,"50.17593262742193 N, 103.28248314406972 W",NW-16-14-10-W2M,5,,
22,23,"50.16869611894549 N, 103.28228893672198 W",SW-16-14-10-W2M,5,,
23,24,"50.101155373165355 N, 102.61485610782255 W",NE-21-13-5-W2M,5,,
24,25,"49.864762762934895 N, 101.62852012271587 W",NW-31-10-31-WPM,5,,
25,26,"49.74415428832752 N, 101.18140004770366 W",SE-20-9-28-WPM,5,,
26,27,"49.736917779851076 N, 100.6545925037656 W",NW-14-9-24-WPM,5,,
27,28,"49.61872147473585 N, 100.15536636279184 W",NW-1-8-21-WPM,6,,
28,29,"49.61872147473585 N, 100.14419668841175 W",NE-1-8-21-WPM,6,,
29,30,"49.52705903403424 N, 99.30300278415581 W",SW-2-7-14-WPM,6,,
30,31,"49.40886272891901 N, 98.84256062394367 W",NE-22-5-11-WPM,6,,
31,32,"49.41127489841116 N, 98.83150626490357 W",NW-23-5-11-WPM,6,,
32,33,"49.31961245770955 N, 98.52920243078775 W",SE-24-4-9-WPM,6,,
33,34,"49.18453096614929 N, 98.13877781786994 W",NW-1-3-6-WPM,6,,
34,35,"49.126638898337745 N, 97.9168142107153 W",SW-16-2-4-WPM,6,,
35,36,"51.96817456008756 N, 109.3181572334575 W",NE-3-35-24-W3M,6,,
36,37,"50.822394051317474 N, 105.67136957769969 W",NE-32-21-27-W2M,6,,
37,38,"50.701785576710094 N, 105.30772378027694 W",NW-18-20-25-W2M,6,,
38,39,"50.58479535634094 N, 105.13423909677361 W",7-19-23-W2M,6,,
39,40,"50.55946757667339 N, 105.05851228875738 W",SE-34-18-23-W2M,6,,
40,41,"50.44368344105031 N, 104.84648540168753 W",NE-19-17-21-W2M,6,,
41,42,"50.27000723761569 N, 103.74920553758292 W",NE-19-15-13-W2M,6,,
42,43,"50.27241940710783 N, 103.73797185927106 W",NW-20-15-13-W2M,6,,
43,44,"50.19764215285126 N, 103.36219808080067 W",NE-25-14-11-W2M,6,,
44,45,"50.209703000312 N, 103.22685346805352 W",NE-30-14-10-W2M,6,,
45,46,"50.19281781386697 N, 103.32815022778536 W",SW-26-14-10-W2M,6,,
46,47,"50.165077864707264 N, 103.09579392677466 W",13-14-9-W2M,6,,
47,48,"50.16628394945334 N, 102.96590458754532 W",NW-12-14-8-W2M,6,,
48,49,"50.14336833927794 N, 102.86946217873134 W",4-14-7-W2M,6,,
49,50,"50.13251357656328 N, 102.82975288959034 W",SW-1-14-7-W2M,6,,
50,51,"50.13251357656328 N, 102.81846373462993 W",SE-1-14-7-W2M,6,,
51,52,"50.13251357656328 N, 102.81846373462993 W",SE-1-14-7-W2M,6,,
52,53,"50.12527706808683 N, 102.73932784837072 W",SW-34-13-6-W2M,6,,
53,54,"50.11321622062609 N, 102.78428003294563 W",NW-26-13-6-W2M,6,,
54,55,"50.11321622062609 N, 102.77299542815504 W",NE-26-13-6-W2M,6,,
55,56,"50.11080405113395 N, 102.69396823658477 W",NW-25-13-6-W2M,6,,
56,57,"50.08185801722818 N, 102.54694523350464 W",NE-13-13-5-W2M,6,,
57,58,"50.09030061045069 N, 102.41733069180897 W",18-13-4-W2M,6,,
58,59,"50.08185801722818 N, 102.46800468433902 W",SW-16-13-4-W2M,7,,
59,60,"50.06014849179885 N, 102.38888804694834 W",SE-7-13-3-W2M,7,,
60,61,"50.062560661290995 N, 102.37763491757148 W",SW-8-13-3-W2M,7,,
61,62,"50.062560661290995 N, 102.2987261288252 W",NE-5-13-3-W2M,7,,
62,63,"50.04808764433811 N, 102.37752102868552 W",SW-2-13-3-W2M,7,,
63,64,"50.01914161043234 N, 102.23088111479703 W",SE-26-12-2-W2M,7,,
64,65,"50.01793552568627 N, 102.14640873890474 W",24-12-2-W2M,7,,
65,66,"50.00949293246375 N, 102.1294926701133 W",NW-19-12-1-W2M,7,,
66,67,"50.00949293246375 N, 102.1294926701133 W",NW-19-12-1-W2M,7,,
67,68,"50.002256423987305 N, 102.12947317634307 W",SW-19-12-1-W2M,7,,
68,69,"50.002256423987305 N, 102.12947317634307 W",SW-19-12-1-W2M,7,,
69,70,"50.002256423987305 N, 102.06192195390321 W",NW-16-12-1-W2M,7,,
70,71,"49.998638169749086 N, 102.05628844888395 W",16-12-1-W2M,7,,
71,72,"49.985371237542275 N, 102.01688187674641 W",SW-12-12-1-W2M,7,,
72,73,"49.95401303414435 N, 101.88368442862672 W",NW-32-11-33-WPM,7,,
73,74,"49.946776525667914 N, 101.88301948008517 W",SW-32-11-33-WPM,7,,
74,75,"49.946776525667914 N, 101.87177391596805 W",SE-32-11-33-WPM,7,,
75,76,"49.928685254476804 N, 101.80828956464848 W",23-11-33-WPM,7,,
76,77,"49.93109742396896 N, 101.78602349152591 W",24-11-33-WPM,7,,
77,78,"49.830992390044834 N, 101.39001631321844 W",NE-17-10-30-WPM,7,,
78,79,"49.82134371207624 N, 101.42288123475545 W",SW-16-10-30-WPM,7,,
79,80,"49.7634516442647 N, 101.22769386245432 W",NE-25-9-29-WPM,7,,
80,81,"49.78516116969403 N, 101.27421498565612 W",NE-34-9-29-WPM,7,,
81,82,"49.68626222051598 N, 100.51703808489893 W",SW-32-8-23-WPM,7,,
82,83,"49.688674390008124 N, 100.48363266657968 W",SE-33-8-23-WPM,7,,
83,84,"49.66937703407095 N, 100.32589391591493 W",NE-22-8-22-WPM,7,,
84,85,"49.65128576287984 N, 100.19629061801162 W",16-8-21-WPM,7,,
85,86,"49.60907279676726 N, 99.95381806113485 W",NW-33-7-19-WPM,7,,
86,87,"49.582538932353636 N, 99.75155548061292 W",SW-25-7-18-WPM,7,,
87,88,"49.594599779814374 N, 99.60698869521701 W",SE-30-7-17-WPM,7,,
88,89,"49.56324157641645 N, 99.694863944538 W",NE-14-7-17-WPM,7,,
89,90,"49.572890254385044 N, 99.4832816501526 W",NW-18-7-16-WPM,7,,
90,91,"49.54153205098712 N, 99.22548509829852 W",NE-5-7-14-WPM,7,,
91,92,"49.54153205098712 N, 99.23663711784614 W",NW-5-7-14-WPM,7,,
92,93,"49.529471203526384 N, 99.20275041804828 W",NE-36-6-14-WPM,7,,
93,94,"49.43298442384049 N, 98.89887803794855 W",NW-32-5-11-WPM,7,,
94,95,"49.39438971196613 N, 98.78655970206894 W",SW-19-5-10-WPM,7,,
95,96,"49.324436796693846 N, 98.55151293244572 W",NE-23-4-9-WPM,7,,
96,97,"50.43765301731994 N, 104.192821123194 W",18-17-17-W2M,8,,
97,98,"50.414737407144536 N, 104.29964482323962 W",NE-7-17-17-W2M,8,,
98,99,"52.53744656023438 N, 111.10050960667014 W",SE-26-41-8-W4M,9,,
99,100,"52.522973543281495 N, 110.89795781026814 W",NW-17-41-7-W4M,9,,
100,101,"52.45060845851707 N, 110.82523812507694 W",SW-26-40-6-W4M,9,,
101,102,"52.38306771273694 N, 110.5631484636309 W",NW-31-39-4-W4M,9,,
102,103,"52.219040187270906 N, 110.02952980554751 W",NE-35-37-1-W4M,9,,
103,104,"52.61222381449095 N, 111.23348288200904 W",SW-21-42-9-W4M,9,,
104,105,"52.46025713648566 N, 110.7897893685694 W",NE-27-40-6-W4M,9,,
105,106,"52.41201374664271 N, 110.62283567186078 W",SE-10-40-5-W4M,9,,
106,107,"52.36618252629191 N, 110.51552829648016 W",SW-27-39-4-W4M,9,,
107,108,"52.38306771273694 N, 110.5631484636309 W",NW-31-39-4-W4M,9,,
108,109,"52.34206083137043 N, 110.32573086759912 W",SW-17-39-3-W4M,10,,
109,110,"52.43372327207204 N, 110.70622810450293 W",SW-19-40-5-W4M,10,,
110,111,"52.438547611056336 N, 110.57572795246016 W",NE-18-40-5-W4M,10,,
111,112,"52.37583120426049 N, 110.48007948020748 W",NE-28-39-4-W4M,10,,
112,113,"52.197330661841576 N, 110.10035229248645 W",NE-26-37-1-W4M,10,,
113,114,"52.541064814472605 N, 111.10654950100978 W",26-41-8-W4M,10,,
114,115,"52.36618252629191 N, 110.50367707127371 W",SE-27-39-4-W4M,10,,
115,116,"52.19130023811121 N, 110.01180455053554 W",25-37-1-W4M,10,,
116,117,"52.60981164499881 N, 111.18574672512997 W",NW-17-42-9-W4M,10,,
117,118,"52.52056137378935 N, 110.99305112841509 W",SW-19-41-7-W4M,10,,
118,119,"52.36618252629191 N, 110.50367707127371 W",SE-27-39-4-W4M,10,,
119,120,"52.4723179839464 N, 110.81376537096041 W",NE-32-40-6-W4M,10,,
120,121,"52.45060845851707 N, 110.82523812507694 W",SW-26-40-6-W4M,10,,
121,122,"52.522973543281495 N, 110.89795781026814 W",NW-17-41-7-W4M,11,,
122,123,"52.522973543281495 N, 110.88606432933744 W",NE-17-41-7-W4M,11,,
123,124,"52.515737034805056 N, 110.88591839440642 W",SE-17-41-7-W4M,11,,
124,125,"52.45060845851707 N, 110.82523812507694 W",SW-26-40-6-W4M,11,,
125,126,"52.43372327207204 N, 110.69435872459532 W",SE-19-40-5-W4M,11,,
126,127,"52.41925025511915 N, 110.63480336966585 W",NW-10-40-5-W4M,11,,
127,128,"52.41201374664271 N, 110.62283567186078 W",SE-10-40-5-W4M,11,,
128,129,"52.36618252629191 N, 110.50367707127371 W",SE-27-39-4-W4M,11,,
129,130,"52.35894601781546 N, 110.44434816234836 W",SW-24-39-4-W4M,11,,
130,131,"52.34447300086258 N, 110.29021242368155 W",SE-18-39-3-W4M,11,,
131,132,"52.34206083137043 N, 110.32573086759912 W",SW-17-39-3-W4M,11,,
132,133,"52.30587828898822 N, 110.31362952447405 W",NE-35-38-3-W4M,11,,
133,134,"52.43372327207204 N, 110.69435872459532 W",SE-19-40-5-W4M,11,,
134,135,"52.41925025511915 N, 110.63480336966585 W",NW-10-40-5-W4M,11,,
135,136,"52.35894601781546 N, 110.44434816234836 W",SW-24-39-4-W4M,11,,
136,137,"52.34206083137043 N, 110.32573086759912 W",SW-17-39-3-W4M,11,,
137,138,"52.30587828898822 N, 110.31362952447405 W",NE-35-38-3-W4M,11,,
138,139,"49.95160086465221 N, 101.89470943966032 W",NE-31-11-33-WPM,11,,
139,140,"50.04808764433811 N, 102.37752102868552 W",SW-2-13-3-W2M,11,,
140,141,"49.809282864615504 N, 101.38825240089021 W",SE-11-10-30-WPM,11,,
141,142,"50.595650119055605 N, 105.15206160705296 W",SE-13-19-24-W2M,12,,
142,143,"50.243473373202065 N, 103.5332387004702 W",SW-11-15-12-W2M,12,,
143,144,"51.085320525961556 N, 102.29376313869533 W",SW-36-24-3-W2M,12,,
144,145,"50.02879028840093 N, 102.2083979832912 W",NE-27-12-2-W2M,12,,
145,146,"50.01672944094019 N, 102.15203602778955 W",SW-25-12-2-W2M,12,,
146,147,"49.99019557652657 N, 102.02813928355496 W",NE-11-12-1-W2M,12,,
147,148,"51.93681635668964 N, 109.12803793604992 W",SE-29-34-23-W3M,12,,
148,149,"50.93335384795626 N, 105.93273566227272 W",SE-9-23-29-W2M,12,,
149,150,"50.892346966589756 N, 105.86043817423113 W",NE-25-22-29-W2M,12,,
150,151,"49.81651937309194 N, 101.40005539738684 W",NW-11-10-30-WPM,12,,
151,152,"50.161459610469045 N, 103.01099106055125 W",NW-10-14-8-W2M,12,,
152,153,"50.11080405113395 N, 102.69396823658477 W",NW-25-13-6-W2M,12,,
153,154,"50.03602679687737 N, 102.21969584318231 W",SW-33-12-2-W2M,13,,
154,155,"52.19974283133372 N, 109.83130427145582 W",SE-30-37-28-W3M,13,,
155,156,"50.02879028840093 N, 102.21966273914478 W",NW-27-12-2-W2M,13,,
156,157,"50.27241940710783 N, 103.73797185927106 W",NW-20-15-13-W2M,13,,
157,158,"50.25312205117065 N, 103.70331475408459 W",SE-15-15-13-W2M,13,,
158,159,"50.25312205117065 N, 103.63540851804134 W",NE-12-15-13-W2M,13,,
159,160,"50.16869611894549 N, 103.09022803871076 W",NE-13-14-9-W2M,13,,
160,161,"50.13251357656328 N, 102.81846373462993 W",SE-1-14-7-W2M,13,,
161,162,"50.084270186720325 N, 102.64847285637424 W",NW-14-13-5-W2M,13,,
162,163,"50.04808764433811 N, 102.2986360376169 W",NE-35-12-3-W2M,13,,
163,164,"50.02879028840093 N, 102.2083979832912 W",NE-27-12-2-W2M,13,,
164,165,"49.830992390044834 N, 101.40123493322763 W",NW-17-10-30-WPM,13,,
165,166,"50.25312205117065 N, 103.70331475408459 W",SE-15-15-13-W2M,13,,
166,167,"50.08185801722818 N, 102.55822245481401 W",NW-13-13-5-W2M,13,,
167,168,"49.99019557652657 N, 102.02813928355496 W",NE-11-12-1-W2M,13,,
168,169,"49.830992390044834 N, 101.40123493322763 W",NW-17-10-30-WPM,13,,
169,170,"51.410963407401475 N, 107.25881569788581 W",NE-24-28-10-W3M,13,,
170,171,"50.33272364441152 N, 103.92156327893676 W",SW-12-16-15-W2M,13,,
171,172,"50.25312205117065 N, 103.70331475408459 W",SE-15-15-13-W2M,13,,
172,173,"50.25312205117065 N, 103.63540851804134 W",NE-12-15-13-W2M,13,,
173,174,"50.19040564437481 N, 103.22635762064104 W",SE-25-14-10-W2M,13,,
174,175,"50.153017017246526 N, 102.91481359034495 W",8-14-7-W2M,13,,
175,176,"50.11321622062609 N, 102.78428003294563 W",NW-26-13-6-W2M,13,,
176,177,"50.03602679687737 N, 102.20842938968579 W",SE-33-12-2-W2M,13,,
177,178,"50.02879028840093 N, 102.2083979832912 W",NE-27-12-2-W2M,13,,
178,179,"50.01793552568627 N, 102.14640873890474 W",24-12-2-W2M,13,,
179,180,"50.00949293246375 N, 102.1294926701133 W",NW-19-12-1-W2M,13,,
180,181,"50.00466859347945 N, 102.1069614693179 W",SW-20-12-1-W2M,14,,
181,182,"50.002256423987305 N, 102.06192195390321 W",NW-16-12-1-W2M,14,,
182,183,"49.95401303414435 N, 101.88368442862672 W",NW-32-11-33-WPM,14,,
183,184,"49.87682361039563 N, 101.65202027181671 W",NW-36-10-32-WPM,14,,
184,185,"52.19974283133372 N, 109.83130427145582 W",SE-30-37-28-W3M,14,,
185,186,"50.904407814050494 N, 105.73520989312013 W",NW-30-22-28-W2M,14,,
186,187,"50.27241940710783 N, 103.73797185927106 W",NW-20-15-13-W2M,14,,
187,188,"50.183169135898375 N, 103.20356957155427 W",NE-19-14-9-W2M,14,,
188,189,"50.12768923757898 N, 102.7845171782981 W",NW-32-13-6-W2M,14,,
189,190,"50.01914161043234 N, 102.24214360820176 W",SW-26-12-2-W2M,14,,
190,191,"50.03602679687737 N, 102.21969584318231 W",SW-33-12-2-W2M,14,,
191,192,"50.19040564437481 N, 103.22635762064104 W",SE-25-14-10-W2M,14,,
192,193,"50.161459610469045 N, 103.01099106055125 W",NW-10-14-8-W2M,14,,
193,194,"50.03602679687737 N, 102.20842938968579 W",SE-33-12-2-W2M,14,,
194,195,"50.02879028840093 N, 102.2083979832912 W",NE-27-12-2-W2M,14,,
195,196,"50.01793552568627 N, 102.14640873890474 W",24-12-2-W2M,14,,
196,197,"52.19974283133372 N, 109.83130427145582 W",SE-30-37-28-W3M,14,,
197,198,"52.14426293301433 N, 109.81473724673248 W",SW-7-37-27-W3M,14,,
198,199,"51.085320525961556 N, 106.29376313869533 W",SW-36-24-3-W3M,14,,
199,200,"51.70042374645918 N, 108.46948637700788 W",SW-3-32-18-W3M,14,,
200,201,"51.333773983652755 N, 106.95555163618924 W",SE-31-27-7-W3M,14,,
201,202,"50.93576601744841 N, 105.92145661639276 W",SW-10-23-29-W2M,14,,
202,203,"51.3361861531449 N, 106.93243580738331 W",SE-32-27-7-W3M,14,,
203,204,"51.10220571240659 N, 106.32844341618215 W",NE-4-25-3-W3M,15,,
204,205,"51.07808401748511 N, 102.15549733621704 W",NW-30-24-2-W2M,15,,
205,206,"50.899583475066194 N, 105.84956398741565 W",SW-31-22-28-W2M,15,,
206,207,"50.73796811909231 N, 105.50466460560362 W",NE-33-20-26-W2M,15,,
207,208,"50.64148133940641 N, 105.17795662805551 W",NE-29-19-24-W2M,15,,
208,209,"50.22900035624917 N, 103.58933322350931 W",NE-2-15-12-W2M,15,,
209,210,"51.3361861531449 N, 106.93243580738331 W",SE-32-27-7-W3M,15,,
210,211,"51.3361861531449 N, 106.86293748633611 W",NE-29-27-7-W3M,15,,
211,212,"51.07084750900867 N, 106.15547302085993 W",SW-30-24-2-W3M,15,,
212,213,"50.93576601744841 N, 105.92145661639276 W",SW-10-23-29-W2M,15,,
213,214,"50.64148133940641 N, 105.17795662805551 W",NE-29-19-24-W2M,15,,
214,215,"49.81651937309194 N, 101.40005539738684 W",NW-11-10-30-WPM,15,,
215,216,"50.37131835628588 N, 104.18408101279087 W",NE-25-16-17-W2M,15,,
216,217,"51.71007242442777 N, 108.43497746117795 W",NE-4-32-18-W3M,15,,
217,218,"50.9405903564327 N, 105.93334771548102 W",NE-9-23-29-W2M,15,,
218,219,"50.61977181397708 N, 105.1878951356793 W",SW-23-19-24-W2M,15,,
219,220,"52.19974283133372 N, 109.83130427145582 W",SE-30-37-28-W3M,15,,
220,221,"51.97782323805615 N, 109.30712360514401 W",SW-10-35-24-W3M,15,,
221,222,"51.95852588211897 N, 109.27047039975673 W",NE-35-34-24-W3M,15,,
222,223,"51.32653747517631 N, 106.88591714575202 W",SE-28-27-7-W3M,15,,
223,224,"51.30241578025483 N, 106.7002590133221 W",SE-18-27-6-W3M,15,,
224,225,"51.10461788189874 N, 106.37456028248312 W",SE-8-25-3-W3M,15,,
225,226,"51.30241578025483 N, 106.71183354246791 W",SW-18-27-6-W3M,15,,
226,227,"51.10461788189874 N, 106.37456028248312 W",SE-8-25-3-W3M,15,,
227,228,"51.046725814087196 N, 106.23596569410194 W",SE-20-24-2-W3M,16,,
228,229,"50.91526257676515 N, 105.86807777084725 W",36-22-29-W2M,16,,
229,230,"49.830992390044834 N, 101.40123493322763 W",NW-17-10-30-WPM,16,,
230,231,"49.82134371207624 N, 101.42288123475545 W",SW-16-10-30-WPM,16,,
231,232,"51.32653747517631 N, 106.88591714575202 W",SE-28-27-7-W3M,16,,
232,233,"50.93576601744841 N, 105.92145661639276 W",SW-10-23-29-W2M,16,,
233,234,"50.16628394945334 N, 102.96590458754532 W",NW-12-14-8-W2M,16,,
234,235,"49.611484966259404 N, 99.93160554485316 W",NW-34-7-19-WPM,16,,
235,236,"49.809282864615504 N, 101.38825240089021 W",SE-11-10-30-WPM,16,,
236,237,"49.529471203526384 N, 99.21389968589523 W",NW-36-6-14-WPM,16,,
237,238,"49.52705903403424 N, 99.30300278415581 W",SW-2-7-14-WPM,16,,
238,239,"49.611484966259404 N, 99.9204375288493 W",NE-34-7-19-WPM,16,,
239,240,"49.7176204239139 N, 100.68689919897105 W",NE-6-9-25-WPM,17,,
240,241,"49.715208254421746 N, 100.70912251282687 W",NE-5-9-25-WPM,17,,
241,242,"49.473991305206994 N, 98.97804051982271 W",SE-16-6-12-WPM,17,,
242,243,"49.78033683070973 N, 101.31866253346627 W",NE-32-9-29-WPM,17,,
243,244,"49.529471203526384 N, 99.21389968589523 W",NW-36-6-14-WPM,17,,
244,245,"49.51017384758921 N, 99.17977225680745 W",SE-31-6-13-WPM,17,,
245,246,"49.512586017081354 N, 99.16871175141416 W",SW-32-6-13-WPM,17,,
246,247,"49.7127960849296 N, 100.80968268601322 W",SW-7-9-25-WPM,17,,
247,248,"49.715208254421746 N, 100.77627361464084 W",SE-8-9-25-WPM,17,,
248,249,"49.7127960849296 N, 100.7313436249044 W",NE-4-9-25-WPM,17,,
249,250,"49.70797174594531 N, 100.77577924551044 W",NE-2-9-25-WPM,17,,
250,251,"49.70555957645316 N, 100.69728710905426 W",NW-1-9-25-WPM,17,,
251,252,"49.715208254421746 N, 100.72031436312919 W",NW-5-9-25-WPM,17,,
252,253,"49.70797174594531 N, 100.77577924551044 W",NE-2-9-25-WPM,17,,
253,254,"49.79239767817047 N, 101.28599485541808 W",SW-4-10-29-WPM,17,,
254,255,"49.67902571203953 N, 100.51658280286952 W",NW-26-8-23-WPM,17,,
255,256,"49.7176204239139 N, 100.69809160520666 W",NW-6-9-25-WPM,18,,
256,257,"49.715208254421746 N, 100.72031436312919 W",NW-5-9-25-WPM,18,,
257,258,"49.55841723743216 N, 99.47152544507638 W",NE-12-7-16-WPM,18,,
258,259,"49.51017384758921 N, 99.19091712578356 W",SW-31-6-13-WPM,18,,
259,260,"49.582538932353636 N, 99.65110297781236 W",NE-22-7-17-WPM,18,,
260,261,"49.51017384758921 N, 99.19091712578356 W",SW-31-6-13-WPM,18,,
261,262,"49.611484966259404 N, 99.9204375288493 W",NE-34-7-19-WPM,18,,
262,263,"49.666964864578794 N, 100.3481131982079 W",NE-21-8-22-WPM,18,,
263,264,"49.15076059325922 N, 98.08299458522491 W",SE-26-2-5-WPM,18,,
264,265,"49.05668598306547 N, 97.69531114433074 W",NW-20-1-2-WPM,18,,
265,266,"49.7127960849296 N, 100.7313436249044 W",NE-4-9-25-WPM,18,,
266,267,"49.68385005102383 N, 100.52807093373707 W",SE-31-8-23-WPM,18,,
267,268,"49.68626222051598 N, 100.51703808489893 W",SW-32-8-23-WPM,18,,
268,269,"49.666964864578794 N, 100.35929394558976 W",NW-21-8-22-WPM,18,,
269,270,"49.65490401711806 N, 100.1909052128363 W",NE-16-8-21-WPM,18,,
270,271,"49.64284316965732 N, 100.24610418334395 W",SW-14-8-21-WPM,18,,
271,272,"49.62354581372014 N, 100.07743798900432 W",NE-3-8-20-WPM,18,,
272,273,"49.60907279676726 N, 99.94265059777408 W",NE-33-7-19-WPM,18,,
273,274,"49.611484966259404 N, 99.9204375288493 W",NE-34-7-19-WPM,18,,
274,275,"49.59701194930652 N, 99.85271842079048 W",SE-31-7-18-WPM,18,,
275,276,"49.599424118798666 N, 99.8416716293401 W",SW-32-7-18-WPM,18,,
276,277,"49.582538932353636 N, 99.75155548061292 W",SW-25-7-18-WPM,19,,
277,278,"49.55359289844786 N, 99.47132654478474 W",SE-13-7-16-WPM,19,,
278,279,"50.33031147491938 N, 98.99392897565524 W",SW-11-16-12-WPM,19,,
279,280,"49.7176204239139 N, 100.55259032414384 W",NE-6-9-24-WPM,19,,
280,281,"49.67902571203953 N, 100.51658280286952 W",NW-26-8-23-WPM,19,,
281,282,"49.676613542547386 N, 100.33750363404194 W",SW-28-8-22-WPM,19,,
282,283,"49.621133644227996 N, 100.11081898879063 W",NW-2-8-20-WPM,19,,
283,284,"49.62354581372014 N, 99.87636394294002 W",SE-6-8-19-WPM,19,,
284,285,"49.60907279676726 N, 99.95381806113485 W",NW-33-7-19-WPM,19,,
285,286,"49.56324157641645 N, 99.7060209218175 W",NW-14-7-17-WPM,19,,
286,287,"52.60739947550666 N, 111.2690961863819 W",SE-19-42-9-W4M,19,,
287,288,"50.926117339479816 N, 105.93212386222845 W",NE-3-23-29-W2M,19,,
288,289,"50.926117339479816 N, 105.93212386222845 W",NE-3-23-29-W2M,20,,
289,290,"52.53744656023438 N, 111.10050960667014 W",SE-26-41-8-W4M,20,,
290,291,"52.522973543281495 N, 110.89795781026814 W",NW-17-41-7-W4M,20,,
291,292,"52.45060845851707 N, 110.82523812507694 W",SW-26-40-6-W4M,20,,
292,293,"51.085320525961556 N, 102.29376313869533 W",SW-36-24-3-W2M,20,,
293,294,"50.02879028840093 N, 102.2083979832912 W",NE-27-12-2-W2M,20,,
294,295,"50.01672944094019 N, 102.15203602778955 W",SW-25-12-2-W2M,20,,
295,296,"49.99019557652657 N, 102.02813928355496 W",NE-11-12-1-W2M,20,,
296,297,"52.52056137378935 N, 110.99305112841509 W",SW-19-41-7-W4M,21,Baird's sparrow,Special Concern
297,298,"52.467493644962104 N, 110.7899192078462 W",SE-33-40-6-W4M,21,Baird's sparrow,Special Concern
298,299,"52.45302062800922 N, 110.73028668346855 W",NW-24-40-6-W4M,21,Baird's sparrow,Special Concern
299,300,"52.43613544156418 N, 110.61130652562585 W",NW-17-40-5-W4M,21,Baird's sparrow,Special Concern
300,301,"51.982647577040446 N, 109.31922926999187 W",NE-9-35-24-W3M,21,Baird's sparrow,Special Concern
301,302,"51.975411068564 N, 109.31869313868 W",SE-9-35-24-W3M,21,Baird's sparrow,Special Concern
302,303,"51.97782323805615 N, 109.30712360514401 W",SW-10-35-24-W3M,21,Baird's sparrow,Special Concern
303,304,"51.97782323805615 N, 109.29537538629803 W",SE-10-35-24-W3M,21,Baird's sparrow,Special Concern
304,305,"51.965762390595415 N, 109.3532138200931 W",NW-2-35-24-W3M,21,Baird's sparrow,Special Concern
305,306,"51.95852588211897 N, 109.34092936707644 W",SE-2-35-24-W3M,21,Baird's sparrow,Special Concern
306,307,"51.95611371262682 N, 109.25855191308105 W",SW-1-35-24-W3M,21,Baird's sparrow,Special Concern
307,308,"51.95852588211897 N, 109.28221356097669 W",NW-35-34-24-W3M,21,Baird's sparrow,Special Concern
308,309,"51.95852588211897 N, 109.27047039975673 W",NE-35-34-24-W3M,21,Baird's sparrow,Special Concern
309,310,"51.95370154313468 N, 109.25837661226491 W",SW-36-34-24-W3M,21,Baird's sparrow,Special Concern
310,311,"51.94646503465823 N, 109.11697082052234 W",NW-30-34-23-W3M,21,Baird's sparrow,Special Concern
311,312,"51.94646503465823 N, 109.10523081743186 W",NE-30-34-23-W3M,21,Baird's sparrow,Special Concern
312,313,"51.93681635668964 N, 109.13977541423398 W",SW-29-34-23-W3M,21,Baird's sparrow,Special Concern
313,314,"51.70042374645918 N, 108.45781031848774 W",SE-3-32-18-W3M,21,Baird's sparrow,Special Concern
314,315,"51.35307133958993 N, 106.97912870134296 W",NE-36-27-8-W3M,21,Baird's sparrow,Special Concern
315,316,"51.11185439037518 N, 106.3746189329029 W",NE-8-25-3-W3M,21,Baird's sparrow,Special Concern
316,317,"51.10220571240659 N, 106.33996774657452 W",NW-4-25-3-W3M,21,Baird's sparrow,Special Concern
317,318,"51.10220571240659 N, 106.32844341618215 W",NE-4-25-3-W3M,21,Baird's sparrow,Special Concern
318,319,"51.085320525961556 N, 106.29376313869533 W",SW-36-24-3-W3M,21,Baird's sparrow,Special Concern
319,320,"51.07808401748511 N, 106.15549733621704 W",NW-30-24-2-W3M,21,Baird's sparrow,Special Concern
320,321,"51.07084750900867 N, 106.15547302085993 W",SW-30-24-2-W3M,21,Baird's sparrow,Special Concern
321,322,"51.07084750900867 N, 106.14395650079624 W",SE-30-24-2-W3M,21,Baird's sparrow,Special Concern
322,323,"51.04913798357934 N, 106.22446686204532 W",SW-21-24-2-W3M,21,Baird's sparrow,Special Concern
323,324,"51.01295544119713 N, 106.01725320672384 W",SW-6-24-1-W3M,21,Baird's sparrow,Special Concern
324,325,"50.99365808525995 N, 106.12072222035243 W",NE-31-23-1-W3M,21,Baird's sparrow,Special Concern
325,326,"50.95023903440129 N, 107.38413659488218 W",NE-13-23-11-W3M,21,Baird's sparrow,Special Concern
326,327,"50.943002525924854 N, 106.00574241137153 W",SE-13-23-1-W3M,21,Baird's sparrow,Special Concern
327,328,"50.93576601744841 N, 105.90997358091283 W",SE-10-23-29-W2M,21,Baird's sparrow,Special Concern
328,329,"50.909232153034786 N, 105.88479135853055 W",SE-35-22-29-W2M,21,Baird's sparrow,Special Concern
329,330,"50.798272356396 N, 105.62367733564608 W",NE-22-21-27-W2M,21,Baird's sparrow,Special Concern
330,331,"50.58117710210272 N, 105.12830011091627 W",SE-7-19-23-W2M,21,Baird's sparrow,Special Concern
331,332,"50.2507098816785 N, 103.73717992766235 W",SW-14-15-13-W2M,21,Baird's sparrow,Special Concern
332,333,"52.45302062800922 N, 110.71841210324955 W",NE-24-40-6-W4M,21,,
333,334,"51.333773983652755 N, 106.95555163618924 W",SE-31-27-7-W3M,21,,
334,335,"50.161459610469045 N, 103.01099106055125 W",NW-10-14-8-W2M,21,,
335,336,"50.37131835628588 N, 104.18408101279087 W",NE-25-16-17-W2M,21,,
336,337,"49.60907279676726 N, 99.88681328097016 W",SW-36-7-19-WPM,21,,
337,338,"52.554331746679416 N, 111.07712909712973 W",SE-33-41-8-W4M,21,,
338,339,"52.544683068710825 N, 111.11259039547922 W",NW-26-41-8-W4M,21,,
339,340,"52.53744656023438 N, 111.11240700782334 W",SW-26-41-8-W4M,21,,
340,341,"52.445784119532775 N, 110.71829407933436 W",SE-24-40-6-W4M,21,,
341,342,"52.428898933087744 N, 110.59933807796007 W",SE-17-40-5-W4M,21,,
342,343,"52.390304221213384 N, 110.57509848677074 W",SE-1-40-5-W4M,21,,
343,344,"50.00466859347945 N, 102.1069614693179 W",SW-20-12-1-W2M,21,,
344,345,"51.71007242442777 N, 108.43497746117795 W",NE-4-32-18-W3M,21,,
345,346,"51.702835915951326 N, 108.43458798914419 W",SE-4-32-18-W3M,21,,
346,347,"49.7176204239139 N, 100.68689919897105 W",NE-6-9-25-WPM,21,,
347,348,"49.7127960849296 N, 100.7313436249044 W",NE-4-9-25-WPM,21,,
348,349,"49.7176204239139 N, 100.55259032414384 W",NE-6-9-24-WPM,21,,
349,350,"49.65731618661021 N, 100.16868361990235 W",NE-17-8-21-WPM,21,,
350,351,"49.60907279676726 N, 99.88681328097016 W",SW-36-7-19-WPM,21,,
351,352,"51.63770733966334 N, 108.16291227985425 W",NW-10-31-16-W3M,22,,
352,353,"51.59911262778898 N, 108.0445737102624 W",SW-33-30-15-W3M,22,,
353,354,"51.3361861531449 N, 106.94401886089118 W",SW-32-27-7-W3M,22,,
354,355,"51.32653747517631 N, 106.88591714575202 W",SE-28-27-7-W3M,22,,
355,356,"51.32412530568416 N, 106.9206105716061 W",SW-27-27-7-W3M,22,,
356,357,"51.10220571240659 N, 106.32844341618215 W",NE-4-25-3-W3M,22,,
357,358,"51.09979354291444 N, 106.36299746662425 W",NW-3-25-3-W3M,22,,
358,359,"51.04431364459505 N, 106.18991371760882 W",NE-16-24-2-W3M,22,,
359,360,"51.01295544119713 N, 106.01725320672384 W",SW-6-24-1-W3M,22,,
360,361,"50.99365808525995 N, 102.12072222035243 W",NE-31-23-1-W2M,22,,
361,362,"50.95023903440129 N, 106.01722991611886 W",NW-13-23-1-W3M,22,,
362,363,"50.926117339479816 N, 105.93212386222845 W",NE-3-23-29-W2M,22,,
363,364,"50.810333203856736 N, 105.65896939227353 W",NW-27-21-27-W2M,22,,
364,365,"50.80309669538029 N, 105.65840267181919 W",SW-27-21-27-W2M,22,,
365,366,"50.61977181397708 N, 105.1878951356793 W",SW-23-19-24-W2M,22,,
366,367,"50.595650119055605 N, 105.15206160705296 W",SE-13-19-24-W2M,22,,
367,368,"50.337547983395815 N, 103.9444340329028 W",NW-11-16-15-W2M,22,,
368,369,"50.33996015288796 N, 103.9218560065429 W",NW-12-16-15-W2M,22,,
369,370,"50.24829771218636 N, 103.64655951336611 W",SW-13-15-13-W2M,22,,
370,371,"50.24106120370991 N, 103.54447595317477 W",SE-10-15-12-W2M,22,,
371,372,"50.22658818675703 N, 103.51007298008183 W",NW-1-15-12-W2M,22,,
372,373,"50.22900035624917 N, 103.58933322350931 W",NE-2-15-12-W2M,22,,
373,374,"50.183169135898375 N, 103.20356957155427 W",NE-19-14-9-W2M,22,,
374,375,"50.183169135898375 N, 103.14706395786628 W",SW-22-14-9-W2M,22,,
375,376,"50.161459610469045 N, 103.01099106055125 W",NW-10-14-8-W2M,22,,
376,377,"50.161459610469045 N, 102.99969507104788 W",NE-10-14-8-W2M,22,,
377,378,"50.08909452570462 N, 102.60342243571841 W",NW-16-13-5-W2M,22,,
378,379,"50.084270186720325 N, 102.63719506756773 W",NE-14-13-5-W2M,22,,
379,380,"50.02879028840093 N, 102.21966273914478 W",NW-27-12-2-W2M,22,,
380,381,"50.01914161043234 N, 102.24214360820176 W",SW-26-12-2-W2M,22,,
381,382,"50.00949293246375 N, 102.1294926701133 W",NW-19-12-1-W2M,22,,
382,383,"50.00466859347945 N, 102.1069614693179 W",SW-20-12-1-W2M,22,,
383,384,"49.95160086465221 N, 101.90595613025515 W",NW-31-11-33-WPM,22,,
384,385,"49.95160086465221 N, 101.89470943966032 W",NE-31-11-33-WPM,22,,
385,386,"49.8599384239506 N, 101.52707561534135 W",NE-29-10-31-WPM,22,,
386,387,"49.830992390044834 N, 101.40123493322763 W",NW-17-10-30-WPM,22,,
387,388,"49.81169503410765 N, 101.37723413881123 W",SW-12-10-30-WPM,22,,
388,389,"49.68626222051598 N, 100.51703808489893 W",SW-32-8-23-WPM,22,,
389,390,"49.633194491688734 N, 100.05561090630049 W",SE-10-8-20-WPM,22,,
390,391,"49.56324157641645 N, 99.694863944538 W",NE-14-7-17-WPM,22,,
391,392,"49.51017384758921 N, 99.11290304295085 W",NE-28-6-13-WPM,22,,
392,393,"49.529471203526384 N, 99.21389968589523 W",NW-36-6-14-WPM,22,,
393,394,"49.512586017081354 N, 99.16871175141416 W",SW-32-6-13-WPM,22,,
394,395,"49.43298442384049 N, 98.88775071719219 W",NE-32-5-11-WPM,22,,
395,396,"51.3410104921292 N, 106.96728676440301 W",NW-31-27-7-W3M,22,,
396,397,"51.32653747517631 N, 106.88591714575202 W",SE-28-27-7-W3M,22,,
397,398,"51.107030051390886 N, 106.36305429669025 W",SW-9-25-3-W3M,22,,
398,399,"51.10220571240659 N, 106.32844341618215 W",NE-4-25-3-W3M,22,,
399,400,"51.046725814087196 N, 106.23596569410194 W",SE-20-24-2-W3M,22,,
400,401,"51.04913798357934 N, 106.22446686204532 W",SW-21-24-2-W3M,22,,
401,402,"51.04431364459505 N, 106.20142363988815 W",NW-16-24-2-W3M,22,,
402,403,"51.04431364459505 N, 106.18991371760882 W",NE-16-24-2-W3M,22,,
403,404,"51.01295544119713 N, 106.01725320672384 W",SW-6-24-1-W3M,22,,
404,405,"50.909232153034786 N, 105.88479135853055 W",SE-35-22-29-W2M,22,,
405,406,"50.810333203856736 N, 105.65896939227353 W",NW-27-21-27-W2M,22,,
406,407,"50.80309669538029 N, 105.65840267181919 W",SW-27-21-27-W2M,22,,
407,408,"50.79103584791955 N, 105.62311632255856 W",SE-22-21-27-W2M,22,,
408,409,"50.58841361057916 N, 105.12878089897163 W",NE-7-19-23-W2M,22,,
409,410,"49.7176204239139 N, 100.68689919897105 W",NE-6-9-25-WPM,22,,
410,411,"49.70555957645316 N, 100.68609748173456 W",NE-1-9-25-WPM,22,,
411,412,"49.7176204239139 N, 100.55259032414384 W",NE-6-9-24-WPM,22,,
412,413,"49.611484966259404 N, 99.93160554485316 W",NW-34-7-19-WPM,22,,
413,414,"49.529471203526384 N, 99.21389968589523 W",NW-36-6-14-WPM,22,,
414,415,"49.51017384758921 N, 99.17977225680745 W",SE-31-6-13-WPM,22,,
415,416,"49.512586017081354 N, 99.16871175141416 W",SW-32-6-13-WPM,22,,
416,417,"49.51017384758921 N, 99.12404791192695 W",NW-28-6-13-WPM,22,,
417,418,"49.51017384758921 N, 99.11290304295085 W",NE-28-6-13-WPM,22,,
418,419,"49.29066642380378 N, 98.47309744572797 W",NW-9-4-8-WPM,22,,
419,420,"49.254483881421564 N, 98.00669789738738 W",NW-30-3-5-WPM,22,,
420,421,"49.186943135641435 N, 98.08345157954767 W",NE-2-3-5-WPM,22,,
421,422,"49.10734154240057 N, 97.76187811559585 W",NW-5-2-3-WPM,22,,
422,423,"50.58841361057916 N, 105.14017900789321 W",NW-7-19-23-W2M,23,,
423,424,"50.337547983395815 N, 104.01246087953497 W",SW-14-16-15-W2M,23,,
424,425,"50.337547983395815 N, 103.93309622513077 W",NE-11-16-15-W2M,23,,
425,426,"50.33996015288796 N, 103.9218560065429 W",NW-12-16-15-W2M,23,,
426,427,"50.260358559647095 N, 103.70357350157323 W",NE-15-15-13-W2M,23,,
427,428,"50.22658818675703 N, 103.49876157199134 W",NE-1-15-12-W2M,23,,
428,429,"50.183169135898375 N, 103.14706395786628 W",SW-22-14-9-W2M,23,,
429,430,"50.14939876300831 N, 102.92039094434438 W",SW-8-14-7-W2M,23,,
430,431,"50.08909452570462 N, 102.60342243571841 W",NW-16-13-5-W2M,23,,
431,432,"50.08909452570462 N, 102.59214351168629 W",NE-16-13-5-W2M,23,,
432,433,"50.084270186720325 N, 102.64847285637424 W",NW-14-13-5-W2M,23,,
433,434,"50.079445847736025 N, 102.49053444418611 W",SW-15-13-4-W2M,23,,
434,435,"50.07703367824388 N, 102.44540541858201 W",NW-11-13-4-W2M,23,,
435,436,"50.06014849179885 N, 102.40016016425119 W",SW-7-13-3-W2M,23,,
436,437,"50.03361462738523 N, 102.23095069454389 W",SE-32-12-2-W2M,23,,
437,438,"50.03602679687737 N, 102.20842938968579 W",SE-33-12-2-W2M,23,,
438,439,"50.02879028840093 N, 102.21966273914478 W",NW-27-12-2-W2M,23,,
439,440,"50.01672944094019 N, 102.15203602778955 W",SW-25-12-2-W2M,23,,
440,441,"50.00949293246375 N, 102.1294926701133 W",NW-19-12-1-W2M,23,,
441,442,"50.00466859347945 N, 97.48603775508366 W",NE-17-12-1-WPM,23,,
442,443,"49.81169503410765 N, 101.37723413881123 W",SW-12-10-30-WPM,23,,
443,444,"50.19522998335911 N, 101.80426925350243 W",NE-24-14-33-WPM,23,,
444,445,"50.19522998335911 N, 101.81557323075471 W",NW-24-14-33-WPM,23,,
445,446,"49.90094530531711 N, 101.69905636679505 W",NW-10-11-32-WPM,23,,
446,447,"49.857526254458456 N, 101.54932203420788 W",NE-28-10-31-WPM,23,,
447,448,"49.81169503410765 N, 101.37723413881123 W",SW-12-10-30-WPM,23,,
448,449,"52.43613544156418 N, 110.61130652562585 W",NW-17-40-5-W4M,23,,
449,450,"52.37583120426049 N, 110.48007948020748 W",NE-28-39-4-W4M,23,,
450,451,"52.214215848286614 N, 110.01771595899037 W",SW-36-37-1-W4M,23,,
451,452,"51.94646503465823 N, 109.11697082052234 W",NW-30-34-23-W3M,23,,
452,453,"51.07808401748511 N, 106.15549733621704 W",NW-30-24-2-W3M,23,,
453,454,"52.4723179839464 N, 110.81376537096041 W",NE-32-40-6-W4M,23,,
454,455,"50.61977181397708 N, 105.1878951356793 W",SW-23-19-24-W2M,23,,
455,456,"49.79239767817047 N, 101.28599485541808 W",SW-4-10-29-WPM,23,,
456,457,"49.67902571203953 N, 100.51658280286952 W",NW-26-8-23-WPM,23,,
457,458,"52.52056137378935 N, 110.98115830052987 W",SE-19-41-7-W4M,23,,
458,459,"52.38306771273694 N, 110.5631484636309 W",NW-31-39-4-W4M,23,,
459,460,"52.187681983872984 N, 110.01770538484075 W",SW-25-37-1-W4M,23,,
460,461,"51.8789242888781 N, 108.98334023771379 W",SE-5-34-22-W3M,23,,
461,462,"51.93681635668964 N, 109.12803793604992 W",SE-29-34-23-W3M,23,,
462,463,"50.93335384795626 N, 105.93273566227272 W",SE-9-23-29-W2M,23,,
463,464,"52.34206083137043 N, 110.32573086759912 W",SW-17-39-3-W4M,24,,
464,465,"52.19974283133372 N, 109.83130427145582 W",SE-30-37-28-W3M,24,,
465,466,"50.02879028840093 N, 102.21966273914478 W",NW-27-12-2-W2M,24,,
466,467,"50.161459610469045 N, 103.01099106055125 W",NW-10-14-8-W2M,24,,
467,468,"50.11080405113395 N, 102.69396823658477 W",NW-25-13-6-W2M,24,,
468,469,"50.03602679687737 N, 102.21969584318231 W",SW-33-12-2-W2M,24,,
469,470,"51.94646503465823 N, 109.10523081743186 W",NE-30-34-23-W3M,24,,
470,471,"50.762089814013784 N, 105.56367277340378 W",NW-7-21-26-W2M,24,,
471,472,"50.595650119055605 N, 105.15206160705296 W",SE-13-19-24-W2M,24,,
472,473,"50.161459610469045 N, 103.01099106055125 W",NW-10-14-8-W2M,24,,
473,474,"50.11080405113395 N, 102.69396823658477 W",NW-25-13-6-W2M,24,,
474,475,"50.02879028840093 N, 102.21966273914478 W",NW-27-12-2-W2M,24,,
475,476,"50.02879028840093 N, 97.67755273914479 W",NW-27-12-2-WPM,24,,
476,477,"49.84064106801342 N, 101.5142304092239 W",SW-24-10-31-WPM,24,,
477,478,"52.36618252629191 N, 110.50367707127371 W",SE-27-39-4-W4M,24,,
478,479,"51.07808401748511 N, 106.15549733621704 W",NW-30-24-2-W3M,24,,
479,480,"50.9405903564327 N, 105.93334771548102 W",NE-9-23-29-W2M,24,,
480,481,"52.43613544156418 N, 110.61130652562585 W",NW-17-40-5-W4M,24,,
481,482,"52.37583120426049 N, 110.48007948020748 W",NE-28-39-4-W4M,24,,
482,483,"52.41925025511915 N, 110.63480336966585 W",NW-10-40-5-W4M,24,,
483,484,"51.965762390595415 N, 109.3532138200931 W",NW-2-35-24-W3M,25,,
484,485,"51.8789242888781 N, 108.98334023771379 W",SE-5-34-22-W3M,25,,
485,486,"51.87651211938595 N, 109.01834537607819 W",SW-4-34-22-W3M,25,,
486,487,"51.669065543061265 N, 108.28108894791313 W",NW-23-31-17-W3M,25,,
487,488,"51.09014486494585 N, 106.30531510608684 W",NE-35-24-3-W3M,25,,
488,489,"50.03602679687737 N, 102.21969584318231 W",SW-33-12-2-W2M,25,,
489,490,"52.60739947550666 N, 111.2690961863819 W",SE-19-42-9-W4M,25,,
490,491,"52.61222381449095 N, 111.15005891897461 W",NE-18-42-9-W4M,25,,
491,492,"52.60739947550666 N, 111.19759780968432 W",NE-16-42-9-W4M,25,,
492,493,"52.604987306014515 N, 111.23327907055017 W",NW-15-42-9-W4M,25,,
493,494,"52.57362910261659 N, 111.04188143073229 W",SW-5-42-8-W4M,25,,
494,495,"52.544683068710825 N, 111.11259039547922 W",NW-26-41-8-W4M,25,,
495,496,"52.53744656023438 N, 111.11240700782334 W",SW-26-41-8-W4M,25,,
496,497,"52.53744656023438 N, 111.10050960667014 W",SE-26-41-8-W4M,25,,
497,498,"52.53744656023438 N, 111.029125199751 W",NE-23-41-8-W4M,25,,
498,499,"52.53262222125009 N, 111.00521994645655 W",SE-24-41-8-W4M,25,,
499,500,"52.52056137378935 N, 110.99305112841509 W",SW-19-41-7-W4M,25,,
500,501,"52.467493644962104 N, 110.7899192078462 W",SE-33-40-6-W4M,25,,
501,502,"52.46025713648566 N, 110.7897893685694 W",NE-27-40-6-W4M,25,,
502,503,"52.45302062800922 N, 110.78965958456355 W",SE-27-40-6-W4M,25,,
503,504,"52.45060845851707 N, 110.74212061607638 W",NE-23-40-6-W4M,25,,
504,505,"52.445784119532775 N, 110.71829407933436 W",SE-24-40-6-W4M,25,,
505,506,"52.43372327207204 N, 110.69435872459532 W",SE-19-40-5-W4M,25,,
506,507,"52.43613544156418 N, 110.61130652562585 W",NW-17-40-5-W4M,25,,
507,508,"52.43613544156418 N, 110.59943649600206 W",NE-17-40-5-W4M,25,,
508,509,"52.428898933087744 N, 110.59933807796007 W",SE-17-40-5-W4M,25,,
509,510,"52.42648676359559 N, 110.63490757518733 W",SW-16-40-5-W4M,25,,
510,511,"52.42648676359559 N, 110.62304014387541 W",SE-16-40-5-W4M,25,,
511,512,"52.41442591613486 N, 110.61100555295525 W",SW-11-40-5-W4M,25,,
512,513,"52.39995289918197 N, 110.68196687909663 W",NW-2-40-5-W4M,25,,
513,514,"52.39995289918197 N, 110.67010658554712 W",NE-2-40-5-W4M,25,,
514,515,"52.390304221213384 N, 110.5869561875289 W",SW-1-40-5-W4M,25,,
515,516,"52.390304221213384 N, 110.57509848677074 W",SE-1-40-5-W4M,25,,
516,517,"52.395128560197676 N, 110.57516135304867 W",NE-36-39-5-W4M,25,,
517,518,"52.37583120426049 N, 110.48007948020748 W",NE-28-39-4-W4M,25,,
518,519,"52.368594695784054 N, 110.48000083012674 W",SE-28-39-4-W4M,25,,
519,520,"52.36618252629191 N, 110.51552829648016 W",SW-27-39-4-W4M,25,,
520,521,"52.36618252629191 N, 110.51552829648016 W",SW-27-39-4-W4M,25,,
521,522,"52.36135818730761 N, 110.47992221346627 W",NE-22-39-4-W4M,25,,
522,523,"52.363770356799755 N, 110.46809783715183 W",NW-23-39-4-W4M,25,,
523,524,"52.28899310254319 N, 110.27801827652448 W",SW-31-38-2-W4M,25,,
524,525,"52.21180367879446 N, 110.04133499305864 W",SW-35-37-1-W4M,25,,
525,526,"52.214215848286614 N, 110.01771595899037 W",SW-36-37-1-W4M,25,,
526,527,"52.19491849234943 N, 110.01770826707107 W",NW-25-37-1-W4M,25,,
527,528,"52.19491849234943 N, 110.00590275569036 W",NE-25-37-1-W4M,25,,
528,529,"52.19491849234943 N, 109.97255457961163 W",NE-25-37-29-W3M,25,,
529,530,"52.180445475396546 N, 109.94765835428014 W",NE-19-37-28-W3M,25,,
530,531,"51.982647577040446 N, 109.31922926999187 W",NE-9-35-24-W3M,25,,
531,532,"51.975411068564 N, 109.31869313868 W",SE-9-35-24-W3M,25,,
532,533,"51.97782323805615 N, 109.30712360514401 W",SW-10-35-24-W3M,25,,
533,534,"51.97782323805615 N, 109.29537538629803 W",SE-10-35-24-W3M,25,,
534,535,"51.96817456008756 N, 109.3181572334575 W",NE-3-35-24-W3M,25,,
535,536,"51.965762390595415 N, 109.3532138200931 W",NW-2-35-24-W3M,25,,
536,537,"51.95852588211897 N, 109.3526725282964 W",SW-2-35-24-W3M,25,,
537,538,"51.95852588211897 N, 109.34092936707644 W",SE-2-35-24-W3M,25,,
538,539,"51.95611371262682 N, 109.25855191308105 W",SW-1-35-24-W3M,25,,
539,540,"51.95852588211897 N, 109.28221356097669 W",NW-35-34-24-W3M,25,,
540,541,"51.95852588211897 N, 109.27047039975673 W",NE-35-34-24-W3M,25,,
541,542,"51.95370154313468 N, 109.25837661226491 W",SW-36-34-24-W3M,25,,
542,543,"51.94646503465823 N, 109.10523081743186 W",NE-30-34-23-W3M,25,,
543,544,"51.93681635668964 N, 109.13977541423398 W",SW-29-34-23-W3M,25,,
544,545,"51.8789242888781 N, 108.98334023771379 W",SE-5-34-22-W3M,25,,
545,546,"51.87651211938595 N, 109.01834537607819 W",SW-4-34-22-W3M,25,,
546,547,"51.71007242442777 N, 108.43497746117795 W",NE-4-32-18-W3M,25,,
547,548,"51.702835915951326 N, 108.43458798914419 W",SE-4-32-18-W3M,25,,
548,549,"51.70042374645918 N, 108.45781031848774 W",SE-3-32-18-W3M,25,,
549,550,"51.45920679724443 N, 107.49243076494133 W",NE-8-29-11-W3M,25,,
550,551,"51.35307133958993 N, 106.97912870134296 W",NE-36-27-8-W3M,25,,
551,552,"51.333773983652755 N, 106.95555163618924 W",SE-31-27-7-W3M,25,,
552,553,"51.3361861531449 N, 106.94401886089118 W",SW-32-27-7-W3M,25,,
553,554,"51.3361861531449 N, 106.93243580738331 W",SE-32-27-7-W3M,25,,
554,555,"51.3361861531449 N, 106.86293748633611 W",NE-29-27-7-W3M,25,,
555,556,"51.11185439037518 N, 106.3746189329029 W",NE-8-25-3-W3M,25,,
556,557,"51.10220571240659 N, 106.33996774657452 W",NW-4-25-3-W3M,25,,
557,558,"51.10220571240659 N, 106.32844341618215 W",NE-4-25-3-W3M,25,,
558,559,"51.09014486494585 N, 106.30531510608684 W",NE-35-24-3-W3M,25,,
559,560,"51.08290835646941 N, 106.30526734293115 W",SE-35-24-3-W3M,25,,
560,561,"51.085320525961556 N, 106.29376313869533 W",SW-36-24-3-W3M,25,,
561,562,"51.06602317002438 N, 106.28212533314661 W",NE-25-24-3-W3M,25,,
562,563,"51.07084750900867 N, 106.15547302085993 W",SW-30-24-2-W3M,25,,
563,564,"51.07084750900867 N, 106.14395650079624 W",SE-30-24-2-W3M,25,,
564,565,"51.05155015307149 N, 106.25901371530894 W",NE-19-24-2-W3M,25,,
565,566,"51.053962322563635 N, 106.24751488673228 W",NW-20-24-2-W3M,25,,
566,567,"51.046725814087196 N, 106.23596569410194 W",SE-20-24-2-W3M,25,,
567,568,"51.01295544119713 N, 106.01725320672384 W",SW-6-24-1-W3M,25,,
568,569,"50.99365808525995 N, 102.12072222035243 W",NE-31-23-1-W2M,25,,
569,570,"51.8789242888781 N, 108.98334023771379 W",SE-5-34-22-W3M,25,,
570,571,"50.95023903440129 N, 105.92267756972834 W",SW-16-23-29-W2M,25,,
571,572,"50.9405903564327 N, 105.94483194238754 W",NW-9-23-29-W2M,25,,
572,573,"50.9405903564327 N, 105.93334771548102 W",NE-9-23-29-W2M,25,,
573,574,"50.93576601744841 N, 105.92145661639276 W",SW-10-23-29-W2M,26,,
574,575,"50.904407814050494 N, 105.73520989312013 W",NW-30-22-28-W2M,26,,
575,576,"50.798272356396 N, 105.62367733564608 W",NE-22-21-27-W2M,26,,
576,577,"50.75726547502949 N, 105.47179194498581 W",NW-5-21-26-W2M,26,,
577,578,"50.39061571222306 N, 104.60493800291601 W",SW-36-16-20-W2M,26,,
578,579,"52.45060845851707 N, 110.82523812507694 W",SW-26-40-6-W4M,26,,
579,580,"51.70042374645918 N, 108.46948637700788 W",SW-3-32-18-W3M,26,,
580,581,"51.59911262778898 N, 108.03292371761133 W",SE-33-30-15-W3M,26,,
581,582,"51.32653747517631 N, 106.88591714575202 W",SE-28-27-7-W3M,26,,
582,583,"50.91164432252693 N, 105.8620385214422 W",SE-36-22-29-W2M,26,,
583,584,"49.93230350871503 N, 101.88169039389997 W",SW-26-11-33-WPM,26,,
584,585,"49.82134371207624 N, 101.42288123475545 W",SW-16-10-30-WPM,26,,
585,586,"49.809282864615504 N, 101.39946598833924 W",SW-11-10-30-WPM,26,,
586,587,"51.32653747517631 N, 106.88591714575202 W",SE-28-27-7-W3M,26,,
587,588,"51.046725814087196 N, 106.23596569410194 W",SE-20-24-2-W3M,26,,
588,589,"50.91526257676515 N, 105.86807777084725 W",36-22-29-W2M,26,,
589,590,"49.830992390044834 N, 101.40123493322763 W",NW-17-10-30-WPM,26,,
590,591,"49.611484966259404 N, 99.9204375288493 W",NE-34-7-19-WPM,26,,
591,592,"49.58012676286148 N, 99.68447707126226 W",NW-21-7-17-WPM,26,,
592,593,"49.58012676286148 N, 99.67331623381233 W",NE-21-7-17-WPM,26,,
593,594,"49.512586017081354 N, 99.16871175141416 W",SW-32-6-13-WPM,26,,
594,595,"49.48605215266773 N, 98.93385745812805 W",NE-18-6-12-WPM,26,,
595,596,"49.7176204239139 N, 100.69809160520666 W",NW-6-9-25-WPM,26,,
596,597,"49.715208254421746 N, 100.72031436312919 W",NW-5-9-25-WPM,26,,
597,598,"49.63560666118088 N, 100.04456602262063 W",SW-11-8-20-WPM,26,,
598,599,"49.51017384758921 N, 99.19091712578356 W",SW-31-6-13-WPM,26,,
599,600,"49.611484966259404 N, 99.9204375288493 W",NE-34-7-19-WPM,26,,
600,601,"49.582538932353636 N, 99.65110297781236 W",NE-22-7-17-WPM,26,,
601,602,"49.51017384758921 N, 99.19091712578356 W",SW-31-6-13-WPM,26,,
602,603,"52.43372327207204 N, 110.69435872459532 W",SE-19-40-5-W4M,26,,
603,604,"52.41201374664271 N, 110.62283567186078 W",SE-10-40-5-W4M,26,,
604,605,"50.93576601744841 N, 105.92145661639276 W",SW-10-23-29-W2M,26,,
605,606,"50.16628394945334 N, 103.10147014369204 W",NW-12-14-9-W2M,26,,
606,607,"52.60739947550666 N, 111.2690961863819 W",SE-19-42-9-W4M,52,,
607,608,"52.61222381449095 N, 111.15005891897461 W",NE-18-42-9-W4M,52,,
608,609,"52.60981164499881 N, 111.18574672512997 W",NW-17-42-9-W4M,52,,
609,610,"52.60981164499881 N, 111.17382967261611 W",NE-17-42-9-W4M,52,,
610,611,"52.60739947550666 N, 111.20951420580059 W",NW-16-42-9-W4M,52,,
611,612,"52.60739947550666 N, 111.19759780968432 W",NE-16-42-9-W4M,52,,
612,613,"52.604987306014515 N, 111.23327907055017 W",NW-15-42-9-W4M,52,,
613,614,"52.59775079753807 N, 111.2330753460994 W",SW-15-42-9-W4M,52,,
614,615,"52.59533862804592 N, 111.18535499515876 W",NW-11-42-9-W4M,52,,
615,616,"52.59533862804592 N, 111.17344187962952 W",NE-11-42-9-W4M,52,,
616,617,"52.57362910261659 N, 111.04188143073229 W",SW-5-42-8-W4M,52,,
617,618,"52.554331746679416 N, 111.07712909712973 W",SE-33-41-8-W4M,52,,
618,619,"52.55674391617156 N, 111.06528568215612 W",SW-34-41-8-W4M,52,,
619,620,"52.54709523820297 N, 111.08885150909423 W",NW-27-41-8-W4M,52,,
620,621,"52.54709523820297 N, 111.0769514926014 W",NE-27-41-8-W4M,52,,
621,622,"52.544683068710825 N, 111.11259039547922 W",NW-26-41-8-W4M,52,,
622,623,"52.53744656023438 N, 111.11240700782334 W",SW-26-41-8-W4M,52,,
623,624,"52.53744656023438 N, 111.10050960667014 W",SE-26-41-8-W4M,52,,
624,625,"52.53744656023438 N, 111.029125199751 W",NE-23-41-8-W4M,52,,
625,626,"52.53985872972653 N, 111.00538563471437 W",NE-24-41-8-W4M,52,,
626,627,"52.52056137378935 N, 110.99305112841509 W",SW-19-41-7-W4M,52,,
627,628,"52.52056137378935 N, 110.98115830052987 W",SE-19-41-7-W4M,52,,
628,629,"52.52538571277364 N, 110.86232472000268 W",NE-18-41-7-W4M,52,,
629,630,"52.522973543281495 N, 110.89795781026814 W",NW-17-41-7-W4M,52,,
630,631,"52.522973543281495 N, 110.88606432933744 W",NE-17-41-7-W4M,52,,
631,632,"52.515737034805056 N, 110.88591839440642 W",SE-17-41-7-W4M,52,,
632,633,"52.50367618734432 N, 110.93322834436043 W",NE-9-41-7-W4M,52,,
633,634,"52.506088356836464 N, 110.92139064591365 W",NW-10-41-7-W4M,52,,
634,635,"52.46990581445425 N, 110.83747904123993 W",NE-31-40-6-W4M,52,,
635,636,"52.4723179839464 N, 110.82564515739779 W",NW-32-40-6-W4M,52,,
636,637,"52.4723179839464 N, 110.81376537096041 W",NE-32-40-6-W4M,52,,
637,638,"52.46508147546996 N, 110.8136315887695 W",SE-32-40-6-W4M,52,,
638,639,"52.467493644962104 N, 110.8017976921747 W",SW-33-40-6-W4M,52,,
639,640,"52.467493644962104 N, 110.7899192078462 W",SE-33-40-6-W4M,52,,
640,641,"52.462669305977805 N, 110.76607827700705 W",NE-28-40-6-W4M,52,,
641,642,"52.46025713648566 N, 110.80166590042758 W",NW-27-40-6-W4M,52,,
642,643,"52.46025713648566 N, 110.7897893685694 W",NE-27-40-6-W4M,53,,
643,644,"52.45302062800922 N, 110.78965958456355 W",SE-27-40-6-W4M,53,,
644,645,"52.45060845851707 N, 110.82523812507694 W",SW-26-40-6-W4M,53,,
645,646,"52.45060845851707 N, 110.81336419521972 W",SE-26-40-6-W4M,53,,
646,647,"52.45060845851707 N, 110.74212061607638 W",NE-23-40-6-W4M,53,,
647,648,"52.45302062800922 N, 110.73028668346855 W",NW-24-40-6-W4M,53,,
648,649,"52.45302062800922 N, 110.71841210324955 W",NE-24-40-6-W4M,53,,
649,650,"52.445784119532775 N, 110.71829407933436 W",SE-24-40-6-W4M,53,,
650,651,"52.43372327207204 N, 110.70622810450293 W",SW-19-40-5-W4M,53,,
651,652,"52.43372327207204 N, 110.69435872459532 W",SE-19-40-5-W4M,53,,
652,653,"52.438547611056336 N, 110.57572795246016 W",NE-18-40-5-W4M,53,,
653,654,"52.43613544156418 N, 110.61130652562585 W",NW-17-40-5-W4M,53,,
654,655,"52.43613544156418 N, 110.59943649600206 W",NE-17-40-5-W4M,53,,
655,656,"52.428898933087744 N, 110.59933807796007 W",SE-17-40-5-W4M,53,,
656,657,"52.42648676359559 N, 110.63490757518733 W",SW-16-40-5-W4M,53,,
657,658,"52.42648676359559 N, 110.62304014387541 W",SE-16-40-5-W4M,53,,
658,659,"52.416838085627006 N, 110.64663347881658 W",NE-9-40-5-W4M,53,,
659,660,"52.41925025511915 N, 110.63480336966585 W",NW-10-40-5-W4M,53,,
660,661,"52.41925025511915 N, 110.6229378861207 W",NE-10-40-5-W4M,53,,
661,662,"52.41201374664271 N, 110.62283567186078 W",SE-10-40-5-W4M,53,,
662,663,"52.41442591613486 N, 110.61100555295525 W",SW-11-40-5-W4M,53,,
663,664,"52.39995289918197 N, 110.68196687909663 W",NW-2-40-5-W4M,53,,
664,665,"52.39995289918197 N, 110.67010658554712 W",NE-2-40-5-W4M,53,,
665,666,"52.39754072968982 N, 110.58705243808524 W",NW-1-40-5-W4M,53,,
666,667,"52.390304221213384 N, 110.5869561875289 W",SW-1-40-5-W4M,53,,
667,668,"52.390304221213384 N, 110.57509848677074 W",SE-1-40-5-W4M,54,,
668,669,"52.395128560197676 N, 110.57516135304867 W",NE-36-39-5-W4M,54,,
669,670,"52.38306771273694 N, 110.5631484636309 W",NW-31-39-4-W4M,54,,
670,671,"52.38306771273694 N, 110.55129270650183 W",NE-31-39-4-W4M,54,,
671,672,"52.37583120426049 N, 110.49193329453358 W",NW-28-39-4-W4M,54,,
672,673,"52.37583120426049 N, 110.48007948020748 W",NE-28-39-4-W4M,54,,
673,674,"52.368594695784054 N, 110.48000083012674 W",SE-28-39-4-W4M,54,,
674,675,"52.36618252629191 N, 110.51552829648016 W",SW-27-39-4-W4M,54,,
675,676,"52.36618252629191 N, 110.50367707127371 W",SE-27-39-4-W4M,54,,
676,677,"52.36135818730761 N, 110.47992221346627 W",NE-22-39-4-W4M,54,,
677,678,"52.363770356799755 N, 110.46809783715183 W",NW-23-39-4-W4M,54,,
678,679,"52.363770356799755 N, 110.45624725899609 W",NE-23-39-4-W4M,54,,
679,680,"52.35894601781546 N, 110.43249887801908 W",SE-24-39-4-W4M,54,,
680,681,"52.34447300086258 N, 110.29021242368155 W",SE-18-39-3-W4M,54,,
681,682,"52.34206083137043 N, 110.32573086759912 W",SW-17-39-3-W4M,54,,
682,683,"52.32758781441755 N, 110.3966695933637 W",NW-8-39-3-W4M,54,,
683,684,"52.30587828898822 N, 110.38463998284553 W",SE-2-39-3-W4M,54,,
684,685,"52.308290458480364 N, 110.30181089190133 W",NW-36-38-3-W4M,54,,
685,686,"52.308290458480364 N, 110.2899751706503 W",NE-36-38-3-W4M,54,,
686,687,"52.27210791609815 N, 110.23060813073792 W",NW-21-38-2-W4M,54,,
687,688,"52.27210791609815 N, 110.21878207275135 W",NE-21-38-2-W4M,54,,
688,689,"52.26728357711386 N, 110.20693349424198 W",SW-22-38-2-W4M,54,,
689,690,"52.26728357711386 N, 110.19510872314244 W",SE-22-38-2-W4M,54,,
690,691,"52.23351320422379 N, 110.02953943267697 W",NE-5-38-1-W4M,54,,
691,692,"52.231101034731644 N, 110.06498322069496 W",NW-4-38-1-W4M,54,,
692,693,"52.231101034731644 N, 110.05316808965951 W",NE-4-38-1-W4M,54,,
693,694,"52.219040187270906 N, 110.04134172776652 W",NW-35-37-1-W4M,54,,
694,695,"52.21180367879446 N, 110.04133499305864 W",SW-35-37-1-W4M,54,,
695,696,"52.21180367879446 N, 110.02952499504188 W",SE-35-37-1-W4M,54,,
696,697,"52.214215848286614 N, 110.01771595899037 W",SW-36-37-1-W4M,54,,
697,698,"52.19491849234943 N, 110.01770826707107 W",NW-25-37-1-W4M,54,,
698,699,"52.19491849234943 N, 110.00590275569036 W",NE-25-37-1-W4M,54,,
699,700,"52.19491849234943 N, 109.97255457961163 W",NE-25-37-29-W3M,54,,
700,701,"52.19974283133372 N, 109.84311106428004 W",SW-30-37-28-W3M,54,,
701,702,"52.19974283133372 N, 109.83130427145582 W",SE-30-37-28-W3M,55,,
702,703,"52.180445475396546 N, 109.94765835428014 W",NE-19-37-28-W3M,55,,
703,704,"52.18285764488869 N, 109.9242678604102 W",NE-20-37-28-W3M,55,,
704,705,"52.175621136412246 N, 109.92362941681597 W",SE-20-37-28-W3M,55,,
705,706,"52.1780333059044 N, 109.9120411721326 W",SW-21-37-28-W3M,55,,
706,707,"52.1780333059044 N, 109.90024014295572 W",SE-21-37-28-W3M,55,,
707,708,"52.16114811945936 N, 109.85157403189947 W",NE-11-37-28-W3M,55,,
708,709,"52.141850763522186 N, 109.68482479749419 W",SE-6-37-27-W3M,55,,
709,710,"52.13943859403004 N, 109.7199976371276 W",SW-5-37-27-W3M,55,,
710,711,"52.1273777465693 N, 109.76614110753263 W",NW-33-36-27-W3M,55,,
711,712,"52.11290472961641 N, 109.75313459495337 W",NE-27-36-27-W3M,55,,
712,713,"52.10566822113997 N, 109.68183431096624 W",NE-24-36-27-W3M,55,,
713,714,"52.08637086520279 N, 109.65668841987417 W",SE-19-36-26-W3M,55,,
714,715,"52.088783034694934 N, 109.64510868036194 W",SW-20-36-26-W3M,55,,
715,716,"52.088783034694934 N, 109.57444421482988 W",NW-17-36-26-W3M,55,,
716,717,"52.088783034694934 N, 109.56266680390787 W",NE-17-36-26-W3M,55,,
717,718,"52.08637086520279 N, 109.59780454837862 W",NW-16-36-26-W3M,55,,
718,719,"52.07913435672635 N, 109.59722124787832 W",SW-16-36-26-W3M,55,,
719,720,"52.038127475359836 N, 109.49980804463394 W",NW-32-35-25-W3M,55,,
720,721,"52.038127475359836 N, 109.48804398397971 W",NE-32-35-25-W3M,55,,
721,722,"52.0308909668834 N, 109.48747945965083 W",SE-32-35-25-W3M,55,,
722,723,"52.033303136375544 N, 109.47590481668317 W",SW-33-35-25-W3M,55,,
723,724,"52.01883011942266 N, 109.40422621881174 W",NW-24-35-25-W3M,55,,
724,725,"52.01883011942266 N, 109.39246723359996 W",NE-24-35-25-W3M,55,,
725,726,"52.011593610946214 N, 109.3919185590293 W",SE-24-35-25-W3M,55,,
726,727,"51.982647577040446 N, 109.31922926999187 W",NE-9-35-24-W3M,55,,
727,728,"51.975411068564 N, 109.31869313868 W",SE-9-35-24-W3M,55,,
728,729,"51.97782323805615 N, 109.30712360514401 W",SW-10-35-24-W3M,55,,
729,730,"51.97782323805615 N, 109.29537538629803 W",SE-10-35-24-W3M,55,,
730,731,"51.96817456008756 N, 109.3181572334575 W",NE-3-35-24-W3M,55,,
731,732,"51.965762390595415 N, 109.3532138200931 W",NW-2-35-24-W3M,55,,
732,733,"51.95852588211897 N, 109.3526725282964 W",SW-2-35-24-W3M,55,,
733,734,"51.95852588211897 N, 109.34092936707644 W",SE-2-35-24-W3M,55,,
734,735,"51.95611371262682 N, 109.25855191308105 W",SW-1-35-24-W3M,55,,
735,736,"51.95852588211897 N, 109.28221356097669 W",NW-35-34-24-W3M,56,,
736,737,"51.95852588211897 N, 109.27047039975673 W",NE-35-34-24-W3M,56,,
737,738,"51.960938051611116 N, 109.2589025886367 W",NW-36-34-24-W3M,56,,
738,739,"51.95370154313468 N, 109.25837661226491 W",SW-36-34-24-W3M,56,,
739,740,"51.94646503465823 N, 109.11697082052234 W",NW-30-34-23-W3M,56,,
740,741,"51.94646503465823 N, 109.10523081743186 W",NE-30-34-23-W3M,56,,
741,742,"51.93681635668964 N, 109.13977541423398 W",SW-29-34-23-W3M,56,,
742,743,"51.93681635668964 N, 109.12803793604992 W",SE-29-34-23-W3M,56,,
743,744,"51.91993117024461 N, 109.16206048133937 W",SW-22-34-23-W3M,56,,
744,745,"51.91993117024461 N, 109.15032741832883 W",SE-22-34-23-W3M,56,,
745,746,"51.91028249227602 N, 109.1731116116912 W",NE-15-34-23-W3M,56,,
746,747,"51.90304598379958 N, 109.1139571526321 W",NW-12-34-23-W3M,56,,
747,748,"51.90304598379958 N, 109.10222850045646 W",NE-12-34-23-W3M,56,,
748,749,"51.8789242888781 N, 108.98334023771379 W",SE-5-34-22-W3M,56,,
749,750,"51.87651211938595 N, 109.01834537607819 W",SW-4-34-22-W3M,56,,
750,751,"51.866863441417365 N, 109.02941706972416 W",NE-33-33-22-W3M,56,,
751,752,"51.84997825497233 N, 109.06342483741568 W",NW-26-33-22-W3M,56,,
752,753,"51.8330930685273 N, 108.94517184050376 W",NW-19-33-21-W3M,56,,
753,754,"51.82585656005085 N, 108.93299013482878 W",SE-19-33-21-W3M,56,,
754,755,"51.79208618716079 N, 108.90739389424473 W",NE-2-33-21-W3M,56,,
755,756,"51.75590364477858 N, 108.77646945057184 W",SW-26-32-20-W3M,56,,
756,757,"51.73901845833354 N, 108.57676932954915 W",NE-16-32-19-W3M,56,,
757,758,"51.7269576108728 N, 108.63449634580856 W",SW-14-32-19-W3M,56,,
758,759,"51.71248459391992 N, 108.49350318054411 W",SW-8-32-18-W3M,56,,
759,760,"51.71007242442777 N, 108.44665601015242 W",NW-4-32-18-W3M,56,,
760,761,"51.71007242442777 N, 108.43497746117795 W",NE-4-32-18-W3M,56,,
761,762,"51.702835915951326 N, 108.43458798914419 W",SE-4-32-18-W3M,56,,
762,763,"51.70042374645918 N, 108.46948637700788 W",SW-3-32-18-W3M,56,,
763,764,"51.669065543061265 N, 108.28108894791313 W",NW-23-31-17-W3M,56,,
764,765,"51.65700469560053 N, 108.10550880003538 W",NE-18-31-16-W3M,56,,
765,766,"51.64494384813979 N, 108.1515957177036 W",SE-16-31-16-W3M,56,,
766,767,"51.6352951701712 N, 108.17445652858504 W",NE-9-31-16-W3M,56,,
767,768,"51.63770733966334 N, 108.16291227985425 W",NW-10-31-16-W3M,57,,
768,769,"51.60393696677328 N, 108.06809339922346 W",NW-32-30-15-W3M,57,,
769,770,"51.59911262778898 N, 108.0445737102624 W",SW-33-30-15-W3M,57,,
770,771,"51.59911262778898 N, 108.03292371761133 W",SE-33-30-15-W3M,57,,
771,772,"51.58222744134395 N, 108.05545955242053 W",SE-26-30-15-W3M,57,,
772,773,"51.57981527185181 N, 107.96219008870115 W",SE-25-30-15-W3M,57,,
773,774,"51.57499093286751 N, 107.92705038885852 W",NW-20-30-14-W3M,57,,
774,775,"51.56775442439107 N, 107.92674364878053 W",SW-20-30-14-W3M,57,,
775,776,"51.56775442439107 N, 107.91510169319878 W",SE-20-30-14-W3M,57,,
776,777,"51.56534225489892 N, 107.88007607881873 W",NW-16-30-14-W3M,57,,
777,778,"51.56534225489892 N, 107.86843474086939 W",NE-16-30-14-W3M,57,,
778,779,"51.56293008540677 N, 107.90325778590521 W",NW-15-30-14-W3M,57,,
779,780,"51.55569357693033 N, 107.89131609568587 W",SE-15-30-14-W3M,57,,
780,781,"51.53639622099315 N, 107.73927299492641 W",NW-4-30-13-W3M,57,,
781,782,"51.526747543024555 N, 107.69237852676221 W",NW-36-29-13-W3M,57,,
782,783,"51.4833284921659 N, 107.4118773375551 W",NW-18-29-11-W3M,57,,
783,784,"51.4833284921659 N, 107.40025694794559 W",NE-18-29-11-W3M,57,,
784,785,"51.45920679724443 N, 107.49243076494133 W",NE-8-29-11-W3M,57,,
785,786,"51.46161896673657 N, 107.4808947844212 W",NW-9-29-11-W3M,57,,
786,787,"51.4423216107994 N, 107.39899928782606 W",NE-1-29-11-W3M,57,,
787,788,"51.43026076333866 N, 107.36380929114952 W",NW-32-28-10-W3M,57,,
788,789,"51.40613906841718 N, 107.25868288905825 W",SE-25-28-10-W3M,57,,
789,790,"51.410963407401475 N, 107.25881569788581 W",NE-24-28-10-W3M,57,,
790,791,"51.38201737349571 N, 107.18845150576412 W",SE-15-28-9-W3M,57,,
791,792,"51.37960520400356 N, 107.22317098711002 W",SW-14-28-9-W3M,57,,
792,793,"51.37960520400356 N, 107.2115769493175 W",SE-14-28-9-W3M,57,,
793,794,"51.36995652603497 N, 107.1069972714075 W",NW-7-28-8-W3M,57,,
794,795,"51.365132187050676 N, 107.08369990454345 W",SW-8-28-8-W3M,57,,
795,796,"51.36272001755852 N, 107.03728377603521 W",NW-4-28-8-W3M,57,,
796,797,"51.36030784806638 N, 107.06040745335396 W",NW-3-28-8-W3M,57,,
797,798,"51.35307133958993 N, 106.97912870134296 W",NE-36-27-8-W3M,57,,
798,799,"51.3410104921292 N, 106.96728676440301 W",NW-31-27-7-W3M,57,,
799,800,"51.333773983652755 N, 106.96713408026426 W",SW-31-27-7-W3M,57,,
800,801,"51.333773983652755 N, 106.95555163618924 W",SE-31-27-7-W3M,57,,
801,802,"51.3361861531449 N, 106.94401886089118 W",SW-32-27-7-W3M,57,,
802,803,"51.3361861531449 N, 106.93243580738331 W",SE-32-27-7-W3M,57,,
803,804,"51.3361861531449 N, 106.86293748633611 W",NE-29-27-7-W3M,57,,
804,805,"51.333773983652755 N, 106.89763941581414 W",NW-28-27-7-W3M,57,,
805,806,"51.32653747517631 N, 106.88591714575202 W",SE-28-27-7-W3M,57,,
806,807,"51.32412530568416 N, 106.9206105716061 W",SW-27-27-7-W3M,57,,
807,808,"51.30241578025483 N, 106.7002590133221 W",SE-18-27-6-W3M,58,,
808,809,"51.28070625482551 N, 106.78091141109986 W",SW-9-27-6-W3M,58,,
809,810,"51.27588191584121 N, 106.7461258765337 W",NE-4-27-6-W3M,58,,
810,811,"51.22040201752182 N, 106.65279512131107 W",SE-20-26-5-W3M,58,,
811,812,"51.18180730564746 N, 106.57143888121128 W",NW-1-26-5-W3M,58,,
812,813,"51.18180730564746 N, 106.55989466138884 W",NE-1-26-5-W3M,58,,
813,814,"51.16974645818672 N, 106.52512461948047 W",NW-32-25-4-W3M,58,,
814,815,"51.16009778021813 N, 106.46732084991716 W",NE-28-25-4-W3M,58,,
815,816,"51.128739576820216 N, 106.28250827770835 W",SE-18-25-3-W3M,58,,
816,817,"51.11185439037518 N, 106.3861456692999 W",NW-8-25-3-W3M,58,,
817,818,"51.11185439037518 N, 106.3746189329029 W",NE-8-25-3-W3M,58,,
818,819,"51.10461788189874 N, 106.37456028248312 W",SE-8-25-3-W3M,58,,
819,820,"51.10220571240659 N, 106.33996774657452 W",NW-4-25-3-W3M,58,,
820,821,"51.10220571240659 N, 106.32844341618215 W",NE-4-25-3-W3M,58,,
821,822,"51.09979354291444 N, 106.36299746662425 W",NW-3-25-3-W3M,58,,
822,823,"51.09014486494585 N, 106.31683643084483 W",NW-35-24-3-W3M,58,,
823,824,"51.09014486494585 N, 106.30531510608684 W",NE-35-24-3-W3M,58,,
824,825,"51.08290835646941 N, 106.30526734293115 W",SE-35-24-3-W3M,58,,
825,826,"51.085320525961556 N, 106.29376313869533 W",SW-36-24-3-W3M,58,,
826,827,"51.06602317002438 N, 106.29364065286687 W",NW-25-24-3-W3M,58,,
827,828,"51.06602317002438 N, 106.28212533314661 W",NE-25-24-3-W3M,58,,
828,829,"51.07808401748511 N, 106.15549733621704 W",NW-30-24-2-W3M,58,,
829,830,"51.07084750900867 N, 106.15547302085993 W",SW-30-24-2-W3M,58,,
830,831,"51.07084750900867 N, 106.14395650079624 W",SE-30-24-2-W3M,58,,
831,832,"51.05155015307149 N, 106.25901371530894 W",NE-19-24-2-W3M,58,,
832,833,"51.053962322563635 N, 106.24751488673228 W",NW-20-24-2-W3M,58,,
833,834,"51.053962322563635 N, 106.23600256641915 W",NE-20-24-2-W3M,58,,
834,835,"51.046725814087196 N, 106.23596569410194 W",SE-20-24-2-W3M,58,,
835,836,"51.04913798357934 N, 106.22446686204532 W",SW-21-24-2-W3M,58,,
836,837,"51.04431364459505 N, 106.20142363988815 W",NW-16-24-2-W3M,58,,
837,838,"51.04431364459505 N, 106.18991371760882 W",NE-16-24-2-W3M,58,,
838,839,"51.029840627642166 N, 106.18985440726222 W",NE-10-24-2-W3M,59,,
839,840,"51.01295544119713 N, 106.01725320672384 W",SW-6-24-1-W3M,59,,
840,841,"51.01295544119713 N, 106.00575106890794 W",SE-6-24-1-W3M,59,,
841,842,"50.99365808525995 N, 106.12072222035243 W",NE-31-23-1-W3M,59,,
842,843,"50.97918506830707 N, 106.05172196573064 W",SE-28-23-1-W3M,59,,
843,844,"50.976772898814914 N, 106.07470562509417 W",SE-27-23-1-W3M,59,,
844,845,"50.97194855983062 N, 106.05171390638507 W",NE-22-23-1-W3M,59,,
845,846,"50.95023903440129 N, 106.00574330537296 W",NE-13-23-1-W3M,59,,
846,847,"50.943002525924854 N, 106.00574241137153 W",SE-13-23-1-W3M,59,,
847,848,"50.95023903440129 N, 105.92267756972834 W",SW-16-23-29-W2M,59,,
848,849,"50.9405903564327 N, 105.94483194238754 W",NW-9-23-29-W2M,59,,
849,850,"50.9405903564327 N, 105.93334771548102 W",NE-9-23-29-W2M,59,,
850,851,"50.943002525924854 N, 105.92206696675653 W",NW-10-23-29-W2M,59,,
851,852,"50.93576601744841 N, 105.92145661639276 W",SW-10-23-29-W2M,59,,
852,853,"50.93576601744841 N, 105.90997358091283 W",SE-10-23-29-W2M,59,,
853,854,"50.926117339479816 N, 105.93212386222845 W",NE-3-23-29-W2M,59,,
854,855,"50.91646866151123 N, 105.89687370323456 W",NW-35-22-29-W2M,59,,
855,856,"50.909232153034786 N, 105.88479135853055 W",SE-35-22-29-W2M,59,,
856,857,"50.91164432252693 N, 105.87351560471542 W",SW-36-22-29-W2M,59,,
857,858,"50.91164432252693 N, 105.8620385214422 W",SE-36-22-29-W2M,59,,
858,859,"50.892346966589756 N, 105.86043817423113 W",NE-25-22-29-W2M,59,,
859,860,"50.904407814050494 N, 105.73520989312013 W",NW-30-22-28-W2M,59,,
860,861,"50.810333203856736 N, 105.65896939227353 W",NW-27-21-27-W2M,59,,
861,862,"50.80309669538029 N, 105.65840267181919 W",SW-27-21-27-W2M,59,,
862,863,"50.80309669538029 N, 105.64695227222037 W",SE-27-21-27-W2M,59,,
863,864,"50.798272356396 N, 105.62367733564608 W",NE-22-21-27-W2M,59,,
864,865,"50.77656283096667 N, 105.58766328457033 W",NW-13-21-27-W2M,59,,
865,866,"50.762089814013784 N, 105.56367277340378 W",NW-7-21-26-W2M,59,,
866,867,"50.754853305537345 N, 105.56312176087427 W",SW-7-21-26-W2M,59,,
867,868,"50.75726547502949 N, 105.54042704109756 W",SW-8-21-26-W2M,59,,
868,869,"50.75726547502949 N, 105.47179194498581 W",NW-5-21-26-W2M,60,,
869,870,"50.75726547502949 N, 105.46035276230052 W",NE-5-21-26-W2M,60,,
870,871,"50.750028966553046 N, 105.45981781697277 W",SE-5-21-26-W2M,60,,
871,872,"50.73796811909231 N, 105.50466460560362 W",NE-33-20-26-W2M,60,,
872,873,"50.73073161061587 N, 105.50412318224797 W",SE-33-20-26-W2M,60,,
873,874,"50.64148133940641 N, 105.17795662805551 W",NE-29-19-24-W2M,60,,
874,875,"50.634244830929966 N, 105.17746736029814 W",SE-29-19-24-W2M,60,,
875,876,"50.61977181397708 N, 105.1878951356793 W",SW-23-19-24-W2M,60,,
876,877,"50.595650119055605 N, 105.15206160705296 W",SE-13-19-24-W2M,60,,
877,878,"50.60771096651634 N, 105.0274389193223 W",SW-18-19-23-W2M,60,,
878,879,"50.58841361057916 N, 105.14017900789321 W",NW-7-19-23-W2M,60,,
879,880,"50.58841361057916 N, 105.12878089897163 W",NE-7-19-23-W2M,60,,
880,881,"50.58117710210272 N, 105.12830011091627 W",SE-7-19-23-W2M,60,,
881,882,"50.496751169877555 N, 104.96344182336139 W",SE-8-18-22-W2M,60,,
882,883,"50.496751169877555 N, 104.89518596562563 W",NE-5-18-22-W2M,60,,
883,884,"50.45091994952675 N, 104.88101560276701 W",SW-25-17-22-W2M,60,,
884,885,"50.45091994952675 N, 104.86965064969888 W",SE-25-17-22-W2M,60,,
885,886,"50.44368344105031 N, 104.84648540168753 W",NE-19-17-21-W2M,60,,
886,887,"50.37855486476232 N, 104.71775167859266 W",SW-31-16-20-W2M,60,,
887,888,"50.38337920374662 N, 104.66128431911665 W",SE-33-16-20-W2M,60,,
888,889,"50.38579137323877 N, 104.65007034487371 W",SW-34-16-20-W2M,60,,
889,890,"50.38820354273091 N, 104.62750531948922 W",SW-35-16-20-W2M,60,,
890,891,"50.38820354273091 N, 104.61615540450222 W",SE-35-16-20-W2M,60,,
891,892,"50.39061571222306 N, 104.60493800291601 W",SW-36-16-20-W2M,60,,
892,893,"50.37855486476232 N, 104.71775167859266 W",SW-31-16-20-W2M,60,,
893,894,"50.37131835628588 N, 104.18408101279087 W",NE-25-16-17-W2M,60,,
894,895,"50.36408184780944 N, 104.18374797360005 W",SE-25-16-17-W2M,60,,
895,896,"50.337547983395815 N, 104.01246087953497 W",SW-14-16-15-W2M,60,,
896,897,"50.337547983395815 N, 103.9444340329028 W",NW-11-16-15-W2M,60,,
897,898,"50.337547983395815 N, 103.93309622513077 W",NE-11-16-15-W2M,60,,
898,899,"50.33996015288796 N, 103.9218560065429 W",NW-12-16-15-W2M,60,,
899,900,"50.33272364441152 N, 103.92156327893676 W",SW-12-16-15-W2M,60,,
900,901,"50.320662796950785 N, 103.89840810631287 W",SW-7-16-14-W2M,60,,
901,902,"50.32548713593508 N, 103.78525150857583 W",NW-6-16-14-W2M,60,,
902,903,"50.30377761050575 N, 103.85241503259901 W",NW-33-15-14-W2M,60,,
903,904,"50.30377761050575 N, 103.84108527704794 W",NE-33-15-14-W2M,60,,
904,905,"50.27241940710783 N, 103.73797185927106 W",NW-20-15-13-W2M,60,,
905,906,"50.26518289863139 N, 103.73770777413264 W",SW-20-15-13-W2M,61,,
906,907,"50.260358559647095 N, 103.70357350157323 W",NE-15-15-13-W2M,61,,
907,908,"50.25312205117065 N, 103.70331475408459 W",SE-15-15-13-W2M,61,,
908,909,"50.2507098816785 N, 103.73717992766235 W",SW-14-15-13-W2M,61,,
909,910,"50.24829771218636 N, 103.64655951336611 W",SW-13-15-13-W2M,61,,
910,911,"50.25312205117065 N, 103.64672622404855 W",NW-12-15-13-W2M,61,,
911,912,"50.25312205117065 N, 103.63540851804134 W",NE-12-15-13-W2M,61,,
912,913,"50.24106120370991 N, 103.55579079532257 W",SW-10-15-12-W2M,61,,
913,914,"50.24106120370991 N, 103.54447595317477 W",SE-10-15-12-W2M,61,,
914,915,"50.243473373202065 N, 103.5332387004702 W",SW-11-15-12-W2M,61,,
915,916,"50.243473373202065 N, 103.52192328570659 W",SE-11-15-12-W2M,61,,
916,917,"50.22900035624917 N, 103.58933322350931 W",NE-2-15-12-W2M,61,,
917,918,"50.22658818675703 N, 103.51007298008183 W",NW-1-15-12-W2M,61,,
918,919,"50.22658818675703 N, 103.49876157199134 W",NE-1-15-12-W2M,61,,
919,920,"50.21211516980414 N, 103.41915109321411 W",SW-34-14-11-W2M,61,,
920,921,"50.209703000312 N, 103.22685346805352 W",NE-30-14-10-W2M,61,,
921,922,"50.19522998335911 N, 103.29430539538629 W",SE-27-14-10-W2M,61,,
922,923,"50.19281781386697 N, 103.32815022778536 W",SW-26-14-10-W2M,61,,
923,924,"50.19040564437481 N, 103.23766045585432 W",SW-25-14-10-W2M,61,,
924,925,"50.183169135898375 N, 103.21487069429187 W",NW-19-14-9-W2M,61,,
925,926,"50.183169135898375 N, 103.20356957155427 W",NE-19-14-9-W2M,61,,
926,927,"50.183169135898375 N, 103.14706395786628 W",SW-22-14-9-W2M,61,,
927,928,"50.183169135898375 N, 103.13576283512867 W",SE-22-14-9-W2M,61,,
928,929,"50.17110828843764 N, 103.19196750237828 W",NW-14-14-9-W2M,61,,
929,930,"50.16869611894549 N, 103.09022803871076 W",NE-13-14-9-W2M,61,,
930,931,"50.17110828843764 N, 102.97730036924854 W",SE-17-14-8-W2M,61,,
931,932,"50.161459610469045 N, 103.01099106055125 W",NW-10-14-8-W2M,61,,
932,933,"50.161459610469045 N, 102.99969507104788 W",NE-10-14-8-W2M,62,,
933,934,"50.16628394945334 N, 102.96590458754532 W",NW-12-14-8-W2M,62,,
934,935,"50.14939876300831 N, 102.92039094434438 W",SW-8-14-7-W2M,62,,
935,936,"50.14698659351616 N, 102.8638816690691 W",NE-4-14-7-W2M,62,,
936,937,"50.144574424024015 N, 102.6944580818609 W",SW-6-14-6-W2M,62,,
937,938,"50.12527706808683 N, 102.79576508870437 W",NE-31-13-6-W2M,62,,
938,939,"50.12768923757898 N, 102.7845171782981 W",NW-32-13-6-W2M,62,,
939,940,"50.11321622062609 N, 102.77299542815504 W",NE-26-13-6-W2M,62,,
940,941,"50.11080405113395 N, 102.69396823658477 W",NW-25-13-6-W2M,62,,
941,942,"50.11562839011824 N, 102.55861607791495 W",SW-30-13-5-W2M,62,,
942,943,"50.09150669519676 N, 102.63729128447527 W",SE-20-13-5-W2M,62,,
943,944,"50.08909452570462 N, 102.60342243571841 W",NW-16-13-5-W2M,62,,
944,945,"50.08909452570462 N, 102.59214351168629 W",NE-16-13-5-W2M,62,,
945,946,"50.08668235621247 N, 102.62594877913176 W",NW-15-13-5-W2M,62,,
946,947,"50.08668235621247 N, 102.614670422751 W",NE-15-13-5-W2M,62,,
947,948,"50.084270186720325 N, 102.64847285637424 W",NW-14-13-5-W2M,62,,
948,949,"50.084270186720325 N, 102.63719506756773 W",NE-14-13-5-W2M,62,,
949,950,"50.08185801722818 N, 102.55822245481401 W",NW-13-13-5-W2M,62,,
950,951,"50.08185801722818 N, 102.54694523350464 W",NE-13-13-5-W2M,62,,
951,952,"50.093918864688916 N, 102.42300223373547 W",NW-18-13-4-W2M,62,,
952,953,"50.093918864688916 N, 102.4117221741692 W",NE-18-13-4-W2M,62,,
953,954,"50.08185801722818 N, 102.45672746302965 W",SE-16-13-4-W2M,62,,
954,955,"50.079445847736025 N, 102.49053444418611 W",SW-15-13-4-W2M,62,,
955,956,"50.07703367824388 N, 102.44540541858201 W",NW-11-13-4-W2M,62,,
956,957,"50.079445847736025 N, 102.4228745208501 W",NW-12-13-4-W2M,62,,
957,958,"50.079445847736025 N, 102.41159786696076 W",NE-12-13-4-W2M,62,,
958,959,"50.07220933925959 N, 102.41153575134562 W",SE-12-13-4-W2M,62,,
959,960,"50.06014849179885 N, 102.40016016425119 W",SW-7-13-3-W2M,62,,
960,961,"50.06014849179885 N, 102.3325274604341 W",NW-4-13-3-W2M,62,,
961,962,"50.0577363223067 N, 102.35505384314598 W",NW-3-13-3-W2M,62,,
962,963,"50.05049981383026 N, 102.34373045115082 W",SE-3-13-3-W2M,62,,
963,964,"50.04808764433811 N, 102.37752102868552 W",SW-2-13-3-W2M,62,,
964,965,"50.04808764433811 N, 102.36625174424714 W",SE-2-13-3-W2M,62,,
965,966,"50.04808764433811 N, 102.2986360376169 W",NE-35-12-3-W2M,62,,
966,967,"50.03843896636952 N, 102.2535079394513 W",NE-31-12-2-W2M,62,,
967,968,"50.03602679687737 N, 102.21969584318231 W",SW-33-12-2-W2M,62,,
968,969,"50.03602679687737 N, 102.20842938968579 W",SE-33-12-2-W2M,62,,
969,970,"50.03120245789308 N, 102.18587780735284 W",NE-28-12-2-W2M,63,,
970,971,"50.03843896636952 N, 102.19717284179545 W",SW-34-12-2-W2M,63,,
971,972,"50.02879028840093 N, 102.21966273914478 W",NW-27-12-2-W2M,63,,
972,973,"50.03843896636952 N, 102.18590582226429 W",SE-34-12-2-W2M,63,,
973,974,"50.02879028840093 N, 102.2083979832912 W",NE-27-12-2-W2M,63,,
974,975,"50.02155377992449 N, 102.20836658968325 W",SE-27-12-2-W2M,63,,
975,976,"50.01914161043234 N, 102.24214360820176 W",SW-26-12-2-W2M,63,,
976,977,"50.01672944094019 N, 102.15203602778955 W",SW-25-12-2-W2M,63,,
977,978,"50.02155377992449 N, 102.15205129517426 W",NW-24-12-2-W2M,63,,
978,979,"50.02155377992449 N, 102.14078823627247 W",NE-24-12-2-W2M,63,,
979,980,"50.00949293246375 N, 102.1294926701133 W",NW-19-12-1-W2M,63,,
980,981,"50.00466859347945 N, 102.1069614693179 W",SW-20-12-1-W2M,63,,
981,982,"50.00466859347945 N, 102.03940685711711 W",NW-17-12-1-W2M,63,,
982,983,"50.00466859347945 N, 102.02814775508365 W",NE-17-12-1-W2M,63,,
983,984,"50.002256423987305 N, 102.06192195390321 W",NW-16-12-1-W2M,63,,
984,985,"49.99019557652657 N, 102.03939499697695 W",NW-11-12-1-W2M,63,,
985,986,"49.99019557652657 N, 102.02813928355496 W",NE-11-12-1-W2M,63,,
986,987,"49.99260774601872 N, 102.01688441699855 W",NW-12-12-1-W2M,63,,
987,988,"49.985371237542275 N, 102.01688187674641 W",SW-12-12-1-W2M,63,,
988,989,"49.985371237542275 N, 102.0056272922488 W",SE-12-12-1-W2M,63,,
989,990,"49.95883737312865 N, 101.91787302057035 W",SE-1-12-34-WPM,63,,
990,991,"49.95160086465221 N, 101.90595613025515 W",NW-31-11-33-WPM,63,,
991,992,"49.95160086465221 N, 101.89470943966032 W",NE-31-11-33-WPM,63,,
992,993,"49.94918869516006 N, 101.86074884491781 W",SW-33-11-33-WPM,63,,
993,994,"49.93230350871503 N, 101.88169039389997 W",SW-26-11-33-WPM,63,,
994,995,"49.93230350871503 N, 101.80299508829057 W",NE-23-11-33-WPM,63,,
995,996,"49.934715678207176 N, 101.79196983914841 W",NW-24-11-33-WPM,63,,
996,997,"49.934715678207176 N, 101.78072708988991 W",NE-24-11-33-WPM,63,,
997,998,"49.92747916973073 N, 101.78007805395438 W",SE-24-11-33-WPM,63,,
998,999,"49.917830491762146 N, 101.66682496643129 W",NE-17-11-32-WPM,63,,
999,1000,"49.9105939832857 N, 101.66619340978768 W",SE-17-11-32-WPM,63,,
1000,1001,"49.90094530531711 N, 101.69905636679505 W",NW-10-11-32-WPM,64,,
1001,1002,"49.87682361039563 N, 101.65202027181671 W",NW-36-10-32-WPM,64,,
1002,1003,"49.87682361039563 N, 101.6407910073674 W",NE-36-10-32-WPM,64,,
1003,1004,"49.8599384239506 N, 101.60565299274104 W",SW-32-10-31-WPM,64,,
1004,1005,"49.8599384239506 N, 101.59442765311252 W",SE-32-10-31-WPM,64,,
1005,1006,"49.8599384239506 N, 101.52707561534135 W",NE-29-10-31-WPM,64,,
1006,1007,"49.857526254458456 N, 101.54932203420788 W",NE-28-10-31-WPM,64,,
1007,1008,"49.847877576489864 N, 101.51483765365418 W",NW-24-10-31-WPM,64,,
1008,1009,"49.84064106801342 N, 101.5142304092239 W",SW-24-10-31-WPM,64,,
1009,1010,"49.84064106801342 N, 101.50300955055384 W",SE-24-10-31-WPM,64,,
1010,1011,"49.82858022055268 N, 101.49078276169762 W",SW-19-10-30-WPM,64,,
1011,1012,"49.830992390044834 N, 101.40123493322763 W",NW-17-10-30-WPM,64,,
1012,1013,"49.81651937309194 N, 101.40005539738684 W",NW-11-10-30-WPM,64,,
1013,1014,"49.809282864615504 N, 101.39946598833924 W",SW-11-10-30-WPM,64,,
1014,1015,"49.809282864615504 N, 101.38825240089021 W",SE-11-10-30-WPM,64,,
1015,1016,"49.81169503410765 N, 101.37723413881123 W",SW-12-10-30-WPM,64,,
1016,1017,"49.81169503410765 N, 101.36601999249132 W",SE-12-10-30-WPM,64,,
1017,1018,"49.79239767817047 N, 100.01930130150228 W",NE-1-10-20-WPM,64,,
1018,1019,"49.79239767817047 N, 101.28599485541808 W",SW-4-10-29-WPM,64,,
1019,1020,"49.78033683070973 N, 101.25142121212868 W",SE-35-9-29-WPM,64,,
1020,1021,"49.75621513578826 N, 101.22713128163778 W",SE-25-9-29-WPM,64,,
1021,1022,"49.748978627311814 N, 101.21536928861211 W",NW-19-9-28-WPM,64,,
1022,1023,"49.7176204239139 N, 100.69809160520666 W",NW-6-9-25-WPM,64,,
1023,1024,"49.7176204239139 N, 100.68689919897105 W",NE-6-9-25-WPM,64,,
1024,1025,"49.715208254421746 N, 100.72031436312919 W",NW-5-9-25-WPM,64,,
1025,1026,"49.715208254421746 N, 100.70912251282687 W",NE-5-9-25-WPM,64,,
1026,1027,"49.7127960849296 N, 100.74253491934851 W",NW-4-9-25-WPM,64,,
1027,1028,"49.7127960849296 N, 100.7313436249044 W",NE-4-9-25-WPM,65,,
1028,1029,"49.710383915437454 N, 100.76475327431108 W",NW-3-9-25-WPM,65,,
1029,1030,"49.710383915437454 N, 100.75356253565012 W",NE-3-9-25-WPM,65,,
1030,1031,"49.70797174594531 N, 100.78696942846325 W",NW-2-9-25-WPM,65,,
1031,1032,"49.70797174594531 N, 100.77577924551044 W",NE-2-9-25-WPM,65,,
1032,1033,"49.70555957645316 N, 100.69728710905426 W",NW-1-9-25-WPM,65,,
1033,1034,"49.70555957645316 N, 100.68609748173456 W",NE-1-9-25-WPM,65,,
1034,1035,"49.7176204239139 N, 100.56378273037943 W",NW-6-9-24-WPM,65,,
1035,1036,"49.7176204239139 N, 100.55259032414384 W",NE-6-9-24-WPM,65,,
1036,1037,"49.715208254421746 N, 100.58601215950124 W",NW-5-9-24-WPM,65,,
1037,1038,"49.68385005102383 N, 100.52807093373707 W",SE-31-8-23-WPM,65,,
1038,1039,"49.68626222051598 N, 100.51703808489893 W",SW-32-8-23-WPM,65,,
1039,1040,"49.67902571203953 N, 100.51658280286952 W",NW-26-8-23-WPM,65,,
1040,1041,"49.688674390008124 N, 100.29347508679464 W",NW-30-8-22-WPM,65,,
1041,1042,"49.681437881531686 N, 100.2930530408312 W",SW-30-8-22-WPM,65,,
1042,1043,"49.67902571203953 N, 100.30409591711259 W",SE-29-8-22-WPM,65,,
1043,1044,"49.676613542547386 N, 100.33750363404194 W",SW-28-8-22-WPM,65,,
1044,1045,"49.666964864578794 N, 100.35929394558976 W",NW-21-8-22-WPM,65,,
1045,1046,"49.666964864578794 N, 100.3481131982079 W",NE-21-8-22-WPM,65,,
1046,1047,"49.66937703407095 N, 100.33707521773137 W",NW-22-8-22-WPM,65,,
1047,1048,"49.65731618661021 N, 100.16868361990235 W",NE-17-8-21-WPM,65,,
1048,1049,"49.65490401711806 N, 100.1909052128363 W",NE-16-8-21-WPM,65,,
1049,1050,"49.64766750864162 N, 100.19049891890805 W",SE-16-8-21-WPM,65,,
1050,1051,"49.64525533914947 N, 100.22389080663194 W",SW-15-8-21-WPM,65,,
1051,1052,"49.64284316965732 N, 100.24610418334395 W",SW-14-8-21-WPM,65,,
1052,1053,"49.62354581372014 N, 100.07743798900432 W",NE-3-8-20-WPM,65,,
1053,1054,"49.621133644227996 N, 100.11081898879063 W",NW-2-8-20-WPM,65,,
1054,1055,"49.621133644227996 N, 100.0996487614694 W",NE-2-8-20-WPM,65,,
1055,1056,"49.62354581372014 N, 99.87636394294002 W",SE-6-8-19-WPM,65,,
1056,1057,"49.621133644227996 N, 99.89858466968737 W",SE-5-8-19-WPM,65,,
1057,1058,"49.60907279676726 N, 99.94265059777408 W",NE-33-7-19-WPM,65,,
1058,1059,"49.611484966259404 N, 99.93160554485316 W",NW-34-7-19-WPM,65,,
1059,1060,"49.611484966259404 N, 99.9204375288493 W",NE-34-7-19-WPM,65,,
1060,1061,"49.61389713575155 N, 99.90939083435114 W",NW-35-7-19-WPM,65,,
1061,1062,"49.60907279676726 N, 99.88681328097016 W",SW-36-7-19-WPM,65,,
1062,1063,"49.59701194930652 N, 99.85271842079048 W",SE-31-7-18-WPM,65,,
1063,1064,"49.599424118798666 N, 99.8416716293401 W",SW-32-7-18-WPM,65,,
1064,1065,"49.582538932353636 N, 99.75155548061292 W",SW-25-7-18-WPM,65,,
1065,1066,"49.58012676286148 N, 99.67331623381233 W",NE-21-7-17-WPM,65,,
1066,1067,"49.572890254385044 N, 99.67298775512558 W",SE-21-7-17-WPM,66,,
1067,1068,"49.56324157641645 N, 99.694863944538 W",NE-14-7-17-WPM,66,,
1068,1069,"49.560829406924306 N, 99.61665845492067 W",NW-13-7-17-WPM,66,,
1069,1070,"49.56806591540075 N, 99.51655572567468 W",NE-16-7-16-WPM,66,,
1070,1071,"49.55359289844786 N, 99.48248131788606 W",SW-13-7-16-WPM,66,,
1071,1072,"49.55359289844786 N, 99.47132654478474 W",SE-13-7-16-WPM,66,,
1072,1073,"49.52705903403424 N, 99.30300278415581 W",SW-2-7-14-WPM,66,,
1073,1074,"49.529471203526384 N, 99.21389968589523 W",NW-36-6-14-WPM,66,,
1074,1075,"49.51017384758921 N, 99.17977225680745 W",SE-31-6-13-WPM,66,,
1075,1076,"49.512586017081354 N, 99.16871175141416 W",SW-32-6-13-WPM,66,,
1076,1077,"49.512586017081354 N, 99.10183923995824 W",NW-29-6-13-WPM,66,,
1077,1078,"49.512586017081354 N, 99.09069382138225 W",NE-29-6-13-WPM,66,,
1078,1079,"49.51017384758921 N, 99.12404791192695 W",NW-28-6-13-WPM,66,,
1079,1080,"49.51017384758921 N, 99.11290304295085 W",NE-28-6-13-WPM,66,,
1080,1081,"49.50293733911276 N, 99.11265826208466 W",SE-28-6-13-WPM,66,,
1081,1082,"49.500525169620616 N, 99.14600470436537 W",SW-27-6-13-WPM,66,,
1082,1083,"49.48605215266773 N, 98.93385745812805 W",NE-18-6-12-WPM,66,,
1083,1084,"49.473991305206994 N, 98.98917715366757 W",SW-16-6-12-WPM,66,,
1084,1085,"49.473991305206994 N, 98.97804051982271 W",SE-16-6-12-WPM,66,,
1085,1086,"49.461930457746256 N, 98.96653243256027 W",SW-11-6-12-WPM,66,,
1086,1087,"49.44986961028552 N, 98.79919393408584 W",SE-6-6-11-WPM,66,,
1087,1088,"49.430572254348334 N, 98.90993395350972 W",NE-31-5-11-WPM,66,,
1088,1089,"49.43298442384049 N, 98.89887803794855 W",NW-32-5-11-WPM,66,,
1089,1090,"49.43298442384049 N, 98.88775071719219 W",NE-32-5-11-WPM,66,,
1090,1091,"49.39438971196613 N, 98.78655970206894 W",SW-19-5-10-WPM,66,,
1091,1092,"49.35097066110747 N, 98.66319027308124 W",SE-1-5-10-WPM,66,,
1092,1093,"49.363031508568206 N, 98.541259567271 W",SW-6-5-9-WPM,66,,
1093,1094,"49.341321983138876 N, 98.60742103228523 W",SW-33-4-9-WPM,66,,
1094,1095,"49.341321983138876 N, 98.59631445226316 W",SE-33-4-9-WPM,66,,
1095,1096,"49.33649764415458 N, 98.5739918789558 W",NE-28-4-9-WPM,66,,
1096,1097,"49.324436796693846 N, 98.55151293244572 W",NE-23-4-9-WPM,66,,
1097,1098,"49.307551610248815 N, 98.51784118891527 W",SW-19-4-8-WPM,67,,
1098,1099,"49.31237594923311 N, 98.54014509602105 W",NW-18-4-9-WPM,67,,
1099,1100,"49.29066642380378 N, 98.47309744572797 W",NW-9-4-8-WPM,67,,
1100,1101,"49.27378123735875 N, 98.48384125514123 W",NE-2-4-8-WPM,67,,
1101,1102,"49.2713690678666 N, 98.40615533057408 W",NW-1-4-8-WPM,67,,
1102,1103,"49.26172038989801 N, 98.339437988554 W",NW-33-3-7-WPM,67,,
1103,1104,"49.25689605091372 N, 98.30608910975093 W",SE-34-3-7-WPM,67,,
1104,1105,"49.247247372945125 N, 98.328094148802 W",NE-27-3-7-WPM,67,,
1105,1106,"49.254483881421564 N, 98.13974223614795 W",NW-30-3-6-WPM,67,,
1106,1107,"49.242423033960826 N, 98.18391297038644 W",SW-28-3-6-WPM,67,,
1107,1108,"49.254483881421564 N, 98.00669789738738 W",NW-30-3-5-WPM,67,,
1108,1109,"49.186943135641435 N, 98.08345157954767 W",NE-2-3-5-WPM,67,,
1109,1110,"49.17970662716499 N, 98.08336010727805 W",SE-2-3-5-WPM,67,,
1110,1111,"49.15076059325922 N, 98.08299458522491 W",SE-26-2-5-WPM,67,,
1111,1112,"49.15317276275137 N, 97.99451032946479 W",NE-24-2-5-WPM,67,,
1112,1113,"49.13628757630634 N, 97.88372183539263 W",NE-17-2-4-WPM,67,,
1113,1114,"49.131463237322045 N, 97.93897784939153 W",NW-15-2-4-WPM,67,,
1114,1115,"49.10734154240057 N, 97.76187811559585 W",NW-5-2-3-WPM,67,,
1115,1116,"49.09045635595553 N, 97.77282506968889 W",NE-34-1-3-WPM,67,,
1116,1117,"49.06874683052621 N, 97.73955086808358 W",NW-25-1-3-WPM,67,,
1117,1118,"49.05427381357332 N, 97.70634193166313 W",NE-19-1-2-WPM,67,,
1118,1119,"49.05668598306547 N, 97.69531114433074 W",NW-20-1-2-WPM,67,,
1119,1120,"49.05668598306547 N, 97.68426830040839 W",NE-20-1-2-WPM,67,,
1120,1121,"49.04462513560473 N, 97.66213305982099 W",NE-15-1-2-WPM,67,,
1121,1122,"49.03738862712829 N, 97.59587198922637 W",NE-12-1-2-WPM,67,,
1122,1123,"51.3361861531449 N, 106.94401886089118 W",SW-32-27-7-W3M,69,,
1123,1124,"50.926117339479816 N, 105.93212386222845 W",NE-3-23-29-W2M,69,,
1124,1125,"49.512586017081354 N, 99.16871175141416 W",SW-32-6-13-WPM,70,,
1125,1126,"51.07808401748511 N, 102.15549733621704 W",NW-30-24-2-W2M,70,,
1126,1127,"50.64148133940641 N, 105.17795662805551 W",NE-29-19-24-W2M,71,,
1127,1128,"50.93335384795626 N, 105.93273566227272 W",SE-9-23-29-W2M,71,,
1128,1129,"50.084270186720325 N, 102.64847285637424 W",NW-14-13-5-W2M,72,,
1129,1130,"49.71400216967567 N, 100.6922544131504 W",6-9-25-WPM,72,,
1130,1131,"51.32653747517631 N, 106.88591714575202 W",SE-28-27-7-W3M,73,,
1131,1132,"51.95611371262682 N, 109.25855191308105 W",SW-1-35-24-W3M,73,,
1132,1133,"51.8789242888781 N, 108.98334023771379 W",SE-5-34-22-W3M,74,,
1133,1134,"51.09014486494585 N, 106.30531510608684 W",NE-35-24-3-W3M,74,,
1134,1135,"52.43372327207204 N, 110.69435872459532 W",SE-19-40-5-W4M,75,,
1135,1136,"51.95852588211897 N, 109.27047039975673 W",NE-35-34-24-W3M,75,,
1136,1137,"52.34206083137043 N, 110.32573086759912 W",SW-17-39-3-W4M,76,,
1137,1138,"52.41925025511915 N, 110.6229378861207 W",NE-10-40-5-W4M,76,,
1138,1139,"51.80897137360582 N, 109.30642426394948 W",NE-9-33-24-W3M,90,,
1139,1140,"51.95852588211897 N, 109.27047039975673 W",NE-35-34-24-W3M,90,,
1140,1141,"51.95370154313468 N, 109.25837661226491 W",SW-36-34-24-W3M,90,,
1141,1142,"51.8789242888781 N, 108.99506259621168 W",SW-5-34-22-W3M,90,,
1142,1143,"51.87651211938595 N, 109.01834537607819 W",SW-4-34-22-W3M,90,,
1143,1144,"51.09014486494585 N, 106.31683643084483 W",NW-35-24-3-W3M,90,,
1144,1145,"51.053962322563635 N, 106.24751488673228 W",NW-20-24-2-W3M,90,,
1145,1146,"51.96214413635719 N, 109.34707109111696 W",2-35-24-W3M,92,,
1146,1147,"51.95852588211897 N, 109.34092936707644 W",SE-2-35-24-W3M,92,,
1147,1148,"51.96335022110326 N, 109.0241894615198 W",SW-4-35-22-W3M,92,,
1148,1149,"51.092557034438 N, 106.35141873441717 W",SE-3-25-3-W3M,92,,
1149,1150,"51.09014486494585 N, 106.31683643084483 W",NW-35-24-3-W3M,92,,
1150,1151,"51.046725814087196 N, 106.23596569410194 W",SE-20-24-2-W3M,92,,
1151,1152,"51.982647577040446 N, 109.31922926999187 W",NE-9-35-24-W3M,93,,
1152,1153,"51.97782323805615 N, 109.30712360514401 W",SW-10-35-24-W3M,93,,
1153,1154,"51.95852588211897 N, 109.28221356097669 W",NW-35-34-24-W3M,93,,
1154,1155,"51.95852588211897 N, 109.27047039975673 W",NE-35-34-24-W3M,93,,
1155,1156,"51.95370154313468 N, 109.25837661226491 W",SW-36-34-24-W3M,93,,
1156,1157,"51.95611371262682 N, 109.25855191308105 W",SW-1-35-24-W3M,93,,
1157,1158,"51.96817456008756 N, 109.3181572334575 W",NE-3-35-24-W3M,93,,
1158,1159,"51.95852588211897 N, 109.27047039975673 W",NE-35-34-24-W3M,93,,
1159,1160,"51.8789242888781 N, 108.98334023771379 W",SE-5-34-22-W3M,94,,
1160,1161,"51.08290835646941 N, 106.30526734293115 W",SE-35-24-3-W3M,95,,
1161,1162,"51.07084750900867 N, 106.15547302085993 W",SW-30-24-2-W3M,95,,
1162,1163,"51.053962322563635 N, 106.24751488673228 W",NW-20-24-2-W3M,95,,
1163,1164,"51.085320525961556 N, 106.29376313869533 W",SW-36-24-3-W3M,95,,
1164,1165,"51.07808401748511 N, 102.15549733621704 W",NW-30-24-2-W2M,95,,
1165,1166,"51.085320525961556 N, 106.29376313869533 W",SW-36-24-3-W3M,95,,
1166,1167,"51.06602317002438 N, 106.29364065286687 W",NW-25-24-3-W3M,95,,
1167,1168,"51.06602317002438 N, 106.28212533314661 W",NE-25-24-3-W3M,95,,
1168,1169,"51.07084750900867 N, 106.15547302085993 W",SW-30-24-2-W3M,95,,
1169,1170,"51.07084750900867 N, 106.14395650079624 W",SE-30-24-2-W3M,95,,
1170,1171,"51.053962322563635 N, 106.24751488673228 W",NW-20-24-2-W3M,95,,
1171,1172,"51.085320525961556 N, 102.29376313869533 W",SW-36-24-3-W2M,95,,
1172,1173,"51.982647577040446 N, 109.31922926999187 W",NE-9-35-24-W3M,96,,
1173,1174,"51.975411068564 N, 109.31869313868 W",SE-9-35-24-W3M,96,,
1174,1175,"51.97782323805615 N, 109.30712360514401 W",SW-10-35-24-W3M,96,,
1175,1176,"51.97782323805615 N, 109.29537538629803 W",SE-10-35-24-W3M,96,,
1176,1177,"51.965762390595415 N, 109.3532138200931 W",NW-2-35-24-W3M,96,,
1177,1178,"51.95852588211897 N, 109.34092936707644 W",SE-2-35-24-W3M,96,,
1178,1179,"51.95611371262682 N, 109.25855191308105 W",SW-1-35-24-W3M,96,,
1179,1180,"51.95852588211897 N, 109.28221356097669 W",NW-35-34-24-W3M,96,,
1180,1181,"51.95852588211897 N, 109.27047039975673 W",NE-35-34-24-W3M,96,,
1181,1182,"51.95370154313468 N, 109.25837661226491 W",SW-36-34-24-W3M,96,,
1182,1183,"51.085320525961556 N, 106.29376313869533 W",SW-36-24-3-W3M,96,,
1183,1184,"51.07808401748511 N, 106.15549733621704 W",NW-30-24-2-W3M,96,,
1184,1185,"51.07084750900867 N, 106.15547302085993 W",SW-30-24-2-W3M,96,,
1185,1186,"51.07084750900867 N, 106.14395650079624 W",SE-30-24-2-W3M,96,,
1186,1187,"51.07808401748511 N, 106.15549733621704 W",NW-30-24-2-W3M,96,,
1187,1188,"51.8789242888781 N, 108.98334023771379 W",SE-5-34-22-W3M,96,,
1188,1189,"51.07808401748511 N, 106.15549733621704 W",NW-30-24-2-W3M,96,,
1189,1190,"51.965762390595415 N, 109.3532138200931 W",NW-2-35-24-W3M,96,,
1190,1191,"51.8789242888781 N, 108.98334023771379 W",SE-5-34-22-W3M,96,,
1191,1192,"51.87651211938595 N, 109.01834537607819 W",SW-4-34-22-W3M,96,,
1192,1193,"51.09014486494585 N, 106.30531510608684 W",NE-35-24-3-W3M,96,,
1193,1194,"51.982647577040446 N, 109.31922926999187 W",NE-9-35-24-W3M,96,,
1194,1195,"51.975411068564 N, 109.31869313868 W",SE-9-35-24-W3M,96,,
1195,1196,"51.97782323805615 N, 109.30712360514401 W",SW-10-35-24-W3M,96,,
1196,1197,"51.97782323805615 N, 109.29537538629803 W",SE-10-35-24-W3M,96,,
1197,1198,"51.96817456008756 N, 109.3181572334575 W",NE-3-35-24-W3M,96,,
1198,1199,"51.965762390595415 N, 109.3532138200931 W",NW-2-35-24-W3M,96,,
1199,1200,"51.95852588211897 N, 109.3526725282964 W",SW-2-35-24-W3M,96,,
1200,1201,"51.95852588211897 N, 109.34092936707644 W",SE-2-35-24-W3M,96,,
1201,1202,"51.95611371262682 N, 109.25855191308105 W",SW-1-35-24-W3M,96,,
1202,1203,"51.95852588211897 N, 109.28221356097669 W",NW-35-34-24-W3M,96,,
1203,1204,"51.95852588211897 N, 109.27047039975673 W",NE-35-34-24-W3M,96,,
1204,1205,"51.95370154313468 N, 109.25837661226491 W",SW-36-34-24-W3M,96,,
1205,1206,"51.8789242888781 N, 108.98334023771379 W",SE-5-34-22-W3M,96,,
1206,1207,"51.87651211938595 N, 109.01834537607819 W",SW-4-34-22-W3M,96,,
1207,1208,"51.09014486494585 N, 106.30531510608684 W",NE-35-24-3-W3M,96,,
1208,1209,"51.08290835646941 N, 106.30526734293115 W",SE-35-24-3-W3M,96,,
1209,1210,"51.085320525961556 N, 106.29376313869533 W",SW-36-24-3-W3M,96,,
1210,1211,"51.06602317002438 N, 106.28212533314661 W",NE-25-24-3-W3M,96,,
1211,1212,"51.07084750900867 N, 106.15547302085993 W",SW-30-24-2-W3M,96,,
1212,1213,"51.07084750900867 N, 106.14395650079624 W",SE-30-24-2-W3M,96,,
1213,1214,"51.05155015307149 N, 106.25901371530894 W",NE-19-24-2-W3M,96,,
1214,1215,"51.053962322563635 N, 106.24751488673228 W",NW-20-24-2-W3M,96,,
1215,1216,"51.982647577040446 N, 109.31922926999187 W",NE-9-35-24-W3M,97,,
1216,1217,"51.975411068564 N, 109.31869313868 W",SE-9-35-24-W3M,97,,
1217,1218,"51.97782323805615 N, 109.30712360514401 W",SW-10-35-24-W3M,97,,
1218,1219,"51.97782323805615 N, 109.29537538629803 W",SE-10-35-24-W3M,97,,
1219,1220,"51.96817456008756 N, 109.3181572334575 W",NE-3-35-24-W3M,97,,
1220,1221,"51.965762390595415 N, 109.3532138200931 W",NW-2-35-24-W3M,97,,
1221,1222,"51.95852588211897 N, 109.3526725282964 W",SW-2-35-24-W3M,97,,
1222,1223,"51.95852588211897 N, 109.34092936707644 W",SE-2-35-24-W3M,97,,
1223,1224,"51.95611371262682 N, 109.25855191308105 W",SW-1-35-24-W3M,97,,
1224,1225,"51.95852588211897 N, 109.28221356097669 W",NW-35-34-24-W3M,98,,
1225,1226,"51.95852588211897 N, 109.27047039975673 W",NE-35-34-24-W3M,98,,
1226,1227,"51.8789242888781 N, 108.98334023771379 W",SE-5-34-22-W3M,98,,
1227,1228,"51.87651211938595 N, 109.01834537607819 W",SW-4-34-22-W3M,98,,
1228,1229,"51.09014486494585 N, 106.30531510608684 W",NE-35-24-3-W3M,98,,
1229,1230,"51.08290835646941 N, 106.30526734293115 W",SE-35-24-3-W3M,98,,
1230,1231,"51.085320525961556 N, 106.29376313869533 W",SW-36-24-3-W3M,98,,
1231,1232,"51.06602317002438 N, 106.29364065286687 W",NW-25-24-3-W3M,98,,
1232,1233,"51.06602317002438 N, 106.28212533314661 W",NE-25-24-3-W3M,98,,
1233,1234,"51.07808401748511 N, 106.15549733621704 W",NW-30-24-2-W3M,98,,
1234,1235,"51.07084750900867 N, 106.15547302085993 W",SW-30-24-2-W3M,98,,
1235,1236,"51.07084750900867 N, 106.14395650079624 W",SE-30-24-2-W3M,98,,
1236,1237,"51.05155015307149 N, 106.25901371530894 W",NE-19-24-2-W3M,98,,
